ID,Запрос,Частотность,Wordstat подтверждён,Исходный запрос,Период,Кластер,Подкластер,Интент,Тип страницы,Продукт,Коммерческий потенциал,Приоритет,Волна,Целевой URL,Статус,Источник,Примечание
1,акт скрытых работ образец,3116,Да,акт скрытых работ,19.06.2026 – 18.07.2026,Исполнительная документация,Акты скрытых работ,Шаблон / лид-магнит,Лид-магнит / шаблон,Проверка исполнительной документации,4,5,1 — запуск,/materialy/akt-skrytyh-rabot-obrazec/,Запланировано,https://wordstat.yandex.ru/,"Wordstat, Россия, все устройства"
2,акты скрытых работ какие,1693,Да,акт скрытых работ,19.06.2026 – 18.07.2026,Исполнительная документация,Акты скрытых работ,Проблемный информационный,Статья базы знаний,Проверка исполнительной документации,5,5,1 — запуск,/baza-znanii/akty-skrytyh-rabot-kakie/,Запланировано,https://wordstat.yandex.ru/,"Wordstat, Россия, все устройства"
3,форма акта скрытых работ,1320,Да,акт скрытых работ,19.06.2026 – 18.07.2026,Исполнительная документация,Акты скрытых работ,Шаблон / лид-магнит,Лид-магнит / шаблон,Проверка исполнительной документации,4,5,1 — запуск,/materialy/forma-akta-skrytyh-rabot/,Запланировано,https://wordstat.yandex.ru/,"Wordstat, Россия, все устройства"
4,стоимость строительной сметы,472,Да,строительная смета,19.06.2026 – 18.07.2026,Сметы,Проверка сметы,Коммерческий,Коммерческая страница,Проверка сметы,5,5,1 — запуск,/proverki/stoimost-stroitelnoi-smety/,Запланировано,https://wordstat.yandex.ru/,"Wordstat, Россия, все устройства"
5,договор субподряда услуг,354,Да,договор субподряда,19.06.2026 – 18.07.2026,Договоры,Договор субподряда,Коммерческий,Коммерческая страница,Проверка договора подряда,5,5,1 — запуск,/proverki/dogovor-subpodryada-uslug/,Запланировано,https://wordstat.yandex.ru/,"Wordstat, Россия, все устройства"
6,проверка договора подряда,254,Да,проверка договора подряда,19.06.2026 – 18.07.2026,Договоры,Проверка договора,Коммерческое исследование,Коммерческая страница,Проверка договора подряда,5,5,1 — запуск,/proverki/proverka-dogovora-podryada/,Запланировано,https://wordstat.yandex.ru/,"Wordstat, Россия, все устройства"
7,акт скрытых работ,27861,Да,акт скрытых работ,19.06.2026 – 18.07.2026,Исполнительная документация,Акты скрытых работ,Информационный,Статья базы знаний,Проверка исполнительной документации,3,4,2 — рост,/baza-znanii/akt-skrytyh-rabot/,Запланировано,https://wordstat.yandex.ru/,"Wordstat, Россия, все устройства"
8,строительная смета,11477,Да,строительная смета,19.06.2026 – 18.07.2026,Сметы,Проверка сметы,Информационный,Статья базы знаний,Проверка сметы,3,4,2 — рост,/baza-znanii/stroitelnaya-smeta/,Запланировано,https://wordstat.yandex.ru/,"Wordstat, Россия, все устройства"
9,исполнительная документация в строительстве,9155,Да,исполнительная документация строительство,19.06.2026 – 18.07.2026,Исполнительная документация,Комплект ИД,Информационный,Статья базы знаний,Проверка исполнительной документации,3,4,2 — рост,/baza-znanii/ispolnitelnaya-dokumentaciya-v-stroitelstve/,Запланировано,https://wordstat.yandex.ru/,"Wordstat, Россия, все устройства"
10,акт освидетельствования скрытых работ,7434,Да,акт скрытых работ,19.06.2026 – 18.07.2026,Исполнительная документация,Акты скрытых работ,Информационный,Статья базы знаний,Проверка исполнительной документации,3,4,2 — рост,/baza-znanii/akt-osvidetelstvovaniya-skrytyh-rabot/,Запланировано,https://wordstat.yandex.ru/,"Wordstat, Россия, все устройства"
11,договор субподряда,6794,Да,договор субподряда,19.06.2026 – 18.07.2026,Договоры,Договор субподряда,Информационный,Статья базы знаний,Проверка договора подряда,3,4,2 — рост,/baza-znanii/dogovor-subpodryada/,Запланировано,https://wordstat.yandex.ru/,"Wordstat, Россия, все устройства"
12,гарантийное удержание,4917,Да,гарантийное удержание,19.06.2026 – 18.07.2026,Удержания,Гарантийное удержание,Информационный,Статья базы знаний,Диагностика объекта,3,4,2 — рост,/baza-znanii/garantiinoe-uderzhanie/,Запланировано,https://wordstat.yandex.ru/,"Wordstat, Россия, все устройства"
13,смета на строительные работы,3538,Да,строительная смета,19.06.2026 – 18.07.2026,Сметы,Проверка сметы,Информационный,Статья базы знаний,Проверка сметы,3,4,2 — рост,/baza-znanii/smeta-na-stroitelnye-raboty/,Запланировано,https://wordstat.yandex.ru/,"Wordstat, Россия, все устройства"
14,акт скрытых работ в строительстве,2334,Да,акт скрытых работ,19.06.2026 – 18.07.2026,Исполнительная документация,Акты скрытых работ,Информационный,Статья базы знаний,Проверка исполнительной документации,3,4,2 — рост,/baza-znanii/akt-skrytyh-rabot-v-stroitelstve/,Запланировано,https://wordstat.yandex.ru/,"Wordstat, Россия, все устройства"
15,акты скрываемых работ в строительстве,2334,Да,акт скрытых работ,19.06.2026 – 18.07.2026,Исполнительная документация,Акты скрытых работ,Информационный,Статья базы знаний,Проверка исполнительной документации,3,4,2 — рост,/baza-znanii/akty-skryvaemyh-rabot-v-stroitelstve/,Запланировано,https://wordstat.yandex.ru/,"Wordstat, Россия, все устройства"
16,исполнительная документация капитального строительства,1845,Да,исполнительная документация строительство,19.06.2026 – 18.07.2026,Исполнительная документация,Комплект ИД,Информационный,Статья базы знаний,Проверка исполнительной документации,3,4,2 — рост,/baza-znanii/ispolnitelnaya-dokumentaciya-kapitalnogo-stroitelstva/,Запланировано,https://wordstat.yandex.ru/,"Wordstat, Россия, все устройства"
17,строительная смета расценки,1762,Да,строительная смета,19.06.2026 – 18.07.2026,Сметы,Проверка сметы,Информационный,Статья базы знаний,Проверка сметы,3,4,2 — рост,/baza-znanii/stroitelnaya-smeta-rascenki/,Запланировано,https://wordstat.yandex.ru/,"Wordstat, Россия, все устройства"
18,исполнительная документация объекта капитального строительства,1756,Да,исполнительная документация строительство,19.06.2026 – 18.07.2026,Исполнительная документация,Комплект ИД,Информационный,Статья базы знаний,Проверка исполнительной документации,3,4,2 — рост,/baza-znanii/ispolnitelnaya-dokumentaciya-obekta-kapitalnogo-stroitelstva/,Запланировано,https://wordstat.yandex.ru/,"Wordstat, Россия, все устройства"
19,строительный мусор в смете,1728,Да,строительная смета,19.06.2026 – 18.07.2026,Сметы,Проверка сметы,Информационный,Статья базы знаний,Проверка сметы,3,4,2 — рост,/baza-znanii/stroitelnyi-musor-v-smete/,Запланировано,https://wordstat.yandex.ru/,"Wordstat, Россия, все устройства"
20,исполнительная документация при строительстве объектов,1567,Да,исполнительная документация строительство,19.06.2026 – 18.07.2026,Исполнительная документация,Комплект ИД,Информационный,Статья базы знаний,Проверка исполнительной документации,3,4,2 — рост,/baza-znanii/ispolnitelnaya-dokumentaciya-pri-stroitelstve-obektov/,Запланировано,https://wordstat.yandex.ru/,"Wordstat, Россия, все устройства"
21,акт скрытых работ 2026,1195,Да,акт скрытых работ,19.06.2026 – 18.07.2026,Исполнительная документация,Акты скрытых работ,Информационный,Статья базы знаний,Проверка исполнительной документации,3,4,2 — рост,/baza-znanii/akt-skrytyh-rabot-2026/,Запланировано,https://wordstat.yandex.ru/,"Wordstat, Россия, все устройства"
22,акт скрытых работ монтаж,1109,Да,акт скрытых работ,19.06.2026 – 18.07.2026,Исполнительная документация,Акты скрытых работ,Информационный,Статья базы знаний,Проверка исполнительной документации,3,4,2 — рост,/baza-znanii/akt-skrytyh-rabot-montazh/,Запланировано,https://wordstat.yandex.ru/,"Wordstat, Россия, все устройства"
23,дополнительные работы в строительстве,1029,Да,дополнительные работы в строительстве,19.06.2026 – 18.07.2026,Допработы,Согласование изменений,Информационный,Статья базы знаний,Пакет «Допработы без потерь»,3,4,2 — рост,/baza-znanii/dopolnitelnye-raboty-v-stroitelstve/,Запланировано,https://wordstat.yandex.ru/,"Wordstat, Россия, все устройства"
24,акт скрытых работ скачать,947,Да,акт скрытых работ,19.06.2026 – 18.07.2026,Исполнительная документация,Акты скрытых работ,Шаблон / лид-магнит,Лид-магнит / шаблон,Проверка исполнительной документации,3,4,2 — рост,/materialy/akt-skrytyh-rabot-skachat/,Запланировано,https://wordstat.yandex.ru/,"Wordstat, Россия, все устройства"
25,смета строительная образец,900,Да,строительная смета,19.06.2026 – 18.07.2026,Сметы,Проверка сметы,Шаблон / лид-магнит,Лид-магнит / шаблон,Проверка сметы,3,4,2 — рост,/materialy/smeta-stroitelnaya-obrazec/,Запланировано,https://wordstat.yandex.ru/,"Wordstat, Россия, все устройства"
26,акт скрытых работ пример,859,Да,акт скрытых работ,19.06.2026 – 18.07.2026,Исполнительная документация,Акты скрытых работ,Шаблон / лид-магнит,Лид-магнит / шаблон,Проверка исполнительной документации,3,4,2 — рост,/materialy/akt-skrytyh-rabot-primer/,Запланировано,https://wordstat.yandex.ru/,"Wordstat, Россия, все устройства"
27,договор субподряда образец,772,Да,договор субподряда,19.06.2026 – 18.07.2026,Договоры,Договор субподряда,Шаблон / лид-магнит,Лид-магнит / шаблон,Проверка договора подряда,3,4,2 — рост,/materialy/dogovor-subpodryada-obrazec/,Запланировано,https://wordstat.yandex.ru/,"Wordstat, Россия, все устройства"
28,акт освидетельствования скрытых работ образец,769,Да,акт скрытых работ,19.06.2026 – 18.07.2026,Исполнительная документация,Акты скрытых работ,Шаблон / лид-магнит,Лид-магнит / шаблон,Проверка исполнительной документации,3,4,2 — рост,/materialy/akt-osvidetelstvovaniya-skrytyh-rabot-obrazec/,Запланировано,https://wordstat.yandex.ru/,"Wordstat, Россия, все устройства"
29,акт скрытых работ в строительстве образец,724,Да,акт скрытых работ,19.06.2026 – 18.07.2026,Исполнительная документация,Акты скрытых работ,Шаблон / лид-магнит,Лид-магнит / шаблон,Проверка исполнительной документации,3,4,2 — рост,/materialy/akt-skrytyh-rabot-v-stroitelstve-obrazec/,Запланировано,https://wordstat.yandex.ru/,"Wordstat, Россия, все устройства"
30,смета строительных работ образец,703,Да,строительная смета,19.06.2026 – 18.07.2026,Сметы,Проверка сметы,Шаблон / лид-магнит,Лид-магнит / шаблон,Проверка сметы,3,4,2 — рост,/materialy/smeta-stroitelnyh-rabot-obrazec/,Запланировано,https://wordstat.yandex.ru/,"Wordstat, Россия, все устройства"
31,акт скрытых работ 2025 образец,633,Да,акт скрытых работ,19.06.2026 – 18.07.2026,Исполнительная документация,Акты скрытых работ,Шаблон / лид-магнит,Лид-магнит / шаблон,Проверка исполнительной документации,3,4,2 — рост,/materialy/akt-skrytyh-rabot-2025-obrazec/,Запланировано,https://wordstat.yandex.ru/,"Wordstat, Россия, все устройства"
32,акт скрытых работ 2026 образец,569,Да,акт скрытых работ,19.06.2026 – 18.07.2026,Исполнительная документация,Акты скрытых работ,Шаблон / лид-магнит,Лид-магнит / шаблон,Проверка исполнительной документации,3,4,2 — рост,/materialy/akt-skrytyh-rabot-2026-obrazec/,Запланировано,https://wordstat.yandex.ru/,"Wordstat, Россия, все устройства"
33,бланк акта скрытых работ,522,Да,акт скрытых работ,19.06.2026 – 18.07.2026,Исполнительная документация,Акты скрытых работ,Шаблон / лид-магнит,Лид-магнит / шаблон,Проверка исполнительной документации,3,4,2 — рост,/materialy/blank-akta-skrytyh-rabot/,Запланировано,https://wordstat.yandex.ru/,"Wordstat, Россия, все устройства"
34,форма акта освидетельствования скрытых работ,460,Да,акт скрытых работ,19.06.2026 – 18.07.2026,Исполнительная документация,Акты скрытых работ,Шаблон / лид-магнит,Лид-магнит / шаблон,Проверка исполнительной документации,3,4,2 — рост,/materialy/forma-akta-osvidetelstvovaniya-skrytyh-rabot/,Запланировано,https://wordstat.yandex.ru/,"Wordstat, Россия, все устройства"
35,возврат гарантийного удержания,442,Да,гарантийное удержание,19.06.2026 – 18.07.2026,Удержания,Гарантийное удержание,Проблемный информационный,Статья базы знаний,Диагностика объекта,4,4,2 — рост,/baza-znanii/vozvrat-garantiinogo-uderzhaniya/,Запланировано,https://wordstat.yandex.ru/,"Wordstat, Россия, все устройства"
36,акт освидетельствования скрытых работ какие работы,396,Да,акт скрытых работ,19.06.2026 – 18.07.2026,Исполнительная документация,Акты скрытых работ,Проблемный информационный,Статья базы знаний,Проверка исполнительной документации,4,4,2 — рост,/baza-znanii/akt-osvidetelstvovaniya-skrytyh-rabot-kakie-raboty/,Запланировано,https://wordstat.yandex.ru/,"Wordstat, Россия, все устройства"
37,порядок в исполнительной документации в строительстве,322,Да,исполнительная документация строительство,19.06.2026 – 18.07.2026,Исполнительная документация,Комплект ИД,Проблемный информационный,Статья базы знаний,Проверка исполнительной документации,4,4,2 — рост,/baza-znanii/poryadok-v-ispolnitelnoi-dokumentacii-v-stroitelstve/,Запланировано,https://wordstat.yandex.ru/,"Wordstat, Россия, все устройства"
38,строительный смета скачать,317,Да,строительная смета,19.06.2026 – 18.07.2026,Сметы,Проверка сметы,Шаблон / лид-магнит,Лид-магнит / шаблон,Проверка сметы,3,4,2 — рост,/materialy/stroitelnyi-smeta-skachat/,Запланировано,https://wordstat.yandex.ru/,"Wordstat, Россия, все устройства"
39,в строительстве какая исполнительная документация,307,Да,исполнительная документация строительство,19.06.2026 – 18.07.2026,Исполнительная документация,Комплект ИД,Проблемный информационный,Статья базы знаний,Проверка исполнительной документации,4,4,2 — рост,/baza-znanii/v-stroitelstve-kakaya-ispolnitelnaya-dokumentaciya/,Запланировано,https://wordstat.yandex.ru/,"Wordstat, Россия, все устройства"
40,форма акта скрытых работ 2026,306,Да,акт скрытых работ,19.06.2026 – 18.07.2026,Исполнительная документация,Акты скрытых работ,Шаблон / лид-магнит,Лид-магнит / шаблон,Проверка исполнительной документации,3,4,2 — рост,/materialy/forma-akta-skrytyh-rabot-2026/,Запланировано,https://wordstat.yandex.ru/,"Wordstat, Россия, все устройства"
41,акт скрытых работ образец заполнения,304,Да,акт скрытых работ,19.06.2026 – 18.07.2026,Исполнительная документация,Акты скрытых работ,Шаблон / лид-магнит,Лид-магнит / шаблон,Проверка исполнительной документации,3,4,2 — рост,/materialy/akt-skrytyh-rabot-obrazec-zapolneniya/,Запланировано,https://wordstat.yandex.ru/,"Wordstat, Россия, все устройства"
42,скачать акт освидетельствования скрытых работ,300,Да,акт скрытых работ,19.06.2026 – 18.07.2026,Исполнительная документация,Акты скрытых работ,Шаблон / лид-магнит,Лид-магнит / шаблон,Проверка исполнительной документации,3,4,2 — рост,/materialy/skachat-akt-osvidetelstvovaniya-skrytyh-rabot/,Запланировано,https://wordstat.yandex.ru/,"Wordstat, Россия, все устройства"
43,договор субподряда на работы образец,298,Да,договор субподряда,19.06.2026 – 18.07.2026,Договоры,Договор субподряда,Шаблон / лид-магнит,Лид-магнит / шаблон,Проверка договора подряда,3,4,2 — рост,/materialy/dogovor-subpodryada-na-raboty-obrazec/,Запланировано,https://wordstat.yandex.ru/,"Wordstat, Россия, все устройства"
44,как составить смету на строительные работы,293,Да,строительная смета,19.06.2026 – 18.07.2026,Сметы,Проверка сметы,Проблемный информационный,Статья базы знаний,Проверка сметы,4,4,2 — рост,/baza-znanii/kak-sostavit-smetu-na-stroitelnye-raboty/,Запланировано,https://wordstat.yandex.ru/,"Wordstat, Россия, все устройства"
45,порядок ведения исполнительной документации в строительстве,285,Да,исполнительная документация строительство,19.06.2026 – 18.07.2026,Исполнительная документация,Комплект ИД,Проблемный информационный,Статья базы знаний,Проверка исполнительной документации,4,4,2 — рост,/baza-znanii/poryadok-vedeniya-ispolnitelnoi-dokumentacii-v-stroitelstve/,Запланировано,https://wordstat.yandex.ru/,"Wordstat, Россия, все устройства"
46,образец исполнительной документации в строительстве,268,Да,исполнительная документация строительство,19.06.2026 – 18.07.2026,Исполнительная документация,Комплект ИД,Шаблон / лид-магнит,Лид-магнит / шаблон,Проверка исполнительной документации,3,4,2 — рост,/materialy/obrazec-ispolnitelnoi-dokumentacii-v-stroitelstve/,Запланировано,https://wordstat.yandex.ru/,"Wordstat, Россия, все устройства"
47,пример строительной сметы,248,Да,строительная смета,19.06.2026 – 18.07.2026,Сметы,Проверка сметы,Шаблон / лид-магнит,Лид-магнит / шаблон,Проверка сметы,3,4,2 — рост,/materialy/primer-stroitelnoi-smety/,Запланировано,https://wordstat.yandex.ru/,"Wordstat, Россия, все устройства"
48,образец договора субподряда на выполнение работ,246,Да,договор субподряда,19.06.2026 – 18.07.2026,Договоры,Договор субподряда,Шаблон / лид-магнит,Лид-магнит / шаблон,Проверка договора подряда,3,4,2 — рост,/materialy/obrazec-dogovora-subpodryada-na-vypolnenie-rabot/,Запланировано,https://wordstat.yandex.ru/,"Wordstat, Россия, все устройства"
49,строительный договор субподряда образец,227,Да,договор субподряда,19.06.2026 – 18.07.2026,Договоры,Договор субподряда,Шаблон / лид-магнит,Лид-магнит / шаблон,Проверка договора подряда,3,4,2 — рост,/materialy/stroitelnyi-dogovor-subpodryada-obrazec/,Запланировано,https://wordstat.yandex.ru/,"Wordstat, Россия, все устройства"
50,скачать договор субподряда,226,Да,договор субподряда,19.06.2026 – 18.07.2026,Договоры,Договор субподряда,Шаблон / лид-магнит,Лид-магнит / шаблон,Проверка договора подряда,3,4,2 — рост,/materialy/skachat-dogovor-subpodryada/,Запланировано,https://wordstat.yandex.ru/,"Wordstat, Россия, все устройства"
51,договор субподряда на строительные работы образец,211,Да,договор субподряда,19.06.2026 – 18.07.2026,Договоры,Договор субподряда,Шаблон / лид-магнит,Лид-магнит / шаблон,Проверка договора подряда,3,4,2 — рост,/materialy/dogovor-subpodryada-na-stroitelnye-raboty-obrazec/,Запланировано,https://wordstat.yandex.ru/,"Wordstat, Россия, все устройства"
52,как отразить гарантийное удержание,206,Да,гарантийное удержание,19.06.2026 – 18.07.2026,Удержания,Гарантийное удержание,Проблемный информационный,Статья базы знаний,Диагностика объекта,4,4,2 — рост,/baza-znanii/kak-otrazit-garantiinoe-uderzhanie/,Запланировано,https://wordstat.yandex.ru/,"Wordstat, Россия, все устройства"
53,скачать смету на строительные работы,202,Да,строительная смета,19.06.2026 – 18.07.2026,Сметы,Проверка сметы,Шаблон / лид-магнит,Лид-магнит / шаблон,Проверка сметы,3,4,2 — рост,/materialy/skachat-smetu-na-stroitelnye-raboty/,Запланировано,https://wordstat.yandex.ru/,"Wordstat, Россия, все устройства"
54,цена сметы на строительные работы,198,Да,строительная смета,19.06.2026 – 18.07.2026,Сметы,Проверка сметы,Коммерческий,Коммерческая страница,Проверка сметы,5,4,2 — рост,/proverki/cena-smety-na-stroitelnye-raboty/,Запланировано,https://wordstat.yandex.ru/,"Wordstat, Россия, все устройства"
55,срок гарантийного удержания,196,Да,гарантийное удержание,19.06.2026 – 18.07.2026,Удержания,Гарантийное удержание,Проблемный информационный,Статья базы знаний,Диагностика объекта,4,4,2 — рост,/baza-znanii/srok-garantiinogo-uderzhaniya/,Запланировано,https://wordstat.yandex.ru/,"Wordstat, Россия, все устройства"
56,стоимость дополнительных работ в строительстве,190,Да,дополнительные работы в строительстве,19.06.2026 – 18.07.2026,Допработы,Согласование изменений,Коммерческий,Коммерческая страница,Пакет «Допработы без потерь»,5,4,2 — рост,/proverki/stoimost-dopolnitelnyh-rabot-v-stroitelstve/,Запланировано,https://wordstat.yandex.ru/,"Wordstat, Россия, все устройства"
57,как самому составлять строительные сметы,176,Да,строительная смета,19.06.2026 – 18.07.2026,Сметы,Проверка сметы,Проблемный информационный,Статья базы знаний,Проверка сметы,4,4,2 — рост,/baza-znanii/kak-samomu-sostavlyat-stroitelnye-smety/,Запланировано,https://wordstat.yandex.ru/,"Wordstat, Россия, все устройства"
58,как составить смету на строительные работы самому,174,Да,строительная смета,19.06.2026 – 18.07.2026,Сметы,Проверка сметы,Проблемный информационный,Статья базы знаний,Проверка сметы,4,4,2 — рост,/baza-znanii/kak-sostavit-smetu-na-stroitelnye-raboty-samomu/,Запланировано,https://wordstat.yandex.ru/,"Wordstat, Россия, все устройства"
59,договор субподряда на оказание услуг,166,Да,договор субподряда,19.06.2026 – 18.07.2026,Договоры,Договор субподряда,Коммерческий,Коммерческая страница,Проверка договора подряда,5,4,2 — рост,/proverki/dogovor-subpodryada-na-okazanie-uslug/,Запланировано,https://wordstat.yandex.ru/,"Wordstat, Россия, все устройства"
60,проверка актов кс 2,137,Да,проверка КС-2,19.06.2026 – 18.07.2026,КС и приёмка,КС-2 / КС-3,Коммерческое исследование,Коммерческая страница,Пакет «Закрытие работ»,5,4,2 — рост,/proverki/proverka-aktov-ks-2/,Запланировано,https://wordstat.yandex.ru/,"Wordstat, Россия, все устройства"
61,срок договора субподряда,129,Да,договор субподряда,19.06.2026 – 18.07.2026,Договоры,Договор субподряда,Проблемный информационный,Статья базы знаний,Проверка договора подряда,4,4,2 — рост,/baza-znanii/srok-dogovora-subpodryada/,Запланировано,https://wordstat.yandex.ru/,"Wordstat, Россия, все устройства"
62,проверка кс 2 кс 3,127,Да,проверка КС-2,19.06.2026 – 18.07.2026,КС и приёмка,КС-2 / КС-3,Коммерческое исследование,Коммерческая страница,Пакет «Закрытие работ»,5,4,2 — рост,/proverki/proverka-ks-2-ks-3/,Запланировано,https://wordstat.yandex.ru/,"Wordstat, Россия, все устройства"
63,стоимость договора субподряда,114,Да,договор субподряда,19.06.2026 – 18.07.2026,Договоры,Договор субподряда,Коммерческий,Коммерческая страница,Проверка договора подряда,5,4,2 — рост,/proverki/stoimost-dogovora-subpodryada/,Запланировано,https://wordstat.yandex.ru/,"Wordstat, Россия, все устройства"
64,проверка работ кс 2,112,Да,проверка КС-2,19.06.2026 – 18.07.2026,КС и приёмка,КС-2 / КС-3,Коммерческое исследование,Коммерческая страница,Пакет «Закрытие работ»,5,4,2 — рост,/proverki/proverka-rabot-ks-2/,Запланировано,https://wordstat.yandex.ru/,"Wordstat, Россия, все устройства"
65,как проводить гарантийное удержание,111,Да,гарантийное удержание,19.06.2026 – 18.07.2026,Удержания,Гарантийное удержание,Проблемный информационный,Статья базы знаний,Диагностика объекта,4,4,2 — рост,/baza-znanii/kak-provodit-garantiinoe-uderzhanie/,Запланировано,https://wordstat.yandex.ru/,"Wordstat, Россия, все устройства"
66,как прописать в договоре субподряда,106,Да,договор субподряда,19.06.2026 – 18.07.2026,Договоры,Договор субподряда,Проблемный информационный,Статья базы знаний,Проверка договора подряда,4,4,2 — рост,/baza-znanii/kak-propisat-v-dogovore-subpodryada/,Запланировано,https://wordstat.yandex.ru/,"Wordstat, Россия, все устройства"
67,гарантийные удержания какой счет,105,Да,гарантийное удержание,19.06.2026 – 18.07.2026,Удержания,Гарантийное удержание,Проблемный информационный,Статья базы знаний,Диагностика объекта,4,4,2 — рост,/baza-znanii/garantiinye-uderzhaniya-kakoi-schet/,Запланировано,https://wordstat.yandex.ru/,"Wordstat, Россия, все устройства"
68,возврат гарантийного удержания по договору подряда,96,Да,гарантийное удержание,19.06.2026 – 18.07.2026,Удержания,Гарантийное удержание,Проблемный информационный,Статья базы знаний,Диагностика объекта,4,4,2 — рост,/baza-znanii/vozvrat-garantiinogo-uderzhaniya-po-dogovoru-podryada/,Запланировано,https://wordstat.yandex.ru/,"Wordstat, Россия, все устройства"
69,какие дополнительные работы в строительстве,81,Да,дополнительные работы в строительстве,19.06.2026 – 18.07.2026,Допработы,Согласование изменений,Проблемный информационный,Статья базы знаний,Пакет «Допработы без потерь»,4,4,2 — рост,/baza-znanii/kakie-dopolnitelnye-raboty-v-stroitelstve/,Запланировано,https://wordstat.yandex.ru/,"Wordstat, Россия, все устройства"
70,как учесть гарантийные удержания,79,Да,гарантийное удержание,19.06.2026 – 18.07.2026,Удержания,Гарантийное удержание,Проблемный информационный,Статья базы знаний,Диагностика объекта,4,4,2 — рост,/baza-znanii/kak-uchest-garantiinye-uderzhaniya/,Запланировано,https://wordstat.yandex.ru/,"Wordstat, Россия, все устройства"
71,проверка форм кс 2,75,Да,проверка КС-2,19.06.2026 – 18.07.2026,КС и приёмка,КС-2 / КС-3,Коммерческое исследование,Коммерческая страница,Пакет «Закрытие работ»,5,4,2 — рост,/proverki/proverka-form-ks-2/,Запланировано,https://wordstat.yandex.ru/,"Wordstat, Россия, все устройства"
72,как подрядчику отразить гарантийное удержание,58,Да,гарантийное удержание,19.06.2026 – 18.07.2026,Удержания,Гарантийное удержание,Проблемный информационный,Статья базы знаний,Диагностика объекта,4,4,2 — рост,/baza-znanii/kak-podryadchiku-otrazit-garantiinoe-uderzhanie/,Запланировано,https://wordstat.yandex.ru/,"Wordstat, Россия, все устройства"
73,аудит строительного проекта,23,Да,аудит строительного проекта,19.06.2026 – 18.07.2026,Аудит проекта,Риски строительства,Коммерческое исследование,Коммерческая страница,Комплексная проверка проекта,5,4,2 — рост,/proverki/audit-stroitelnogo-proekta/,Запланировано,https://wordstat.yandex.ru/,"Wordstat, Россия, все устройства"
74,договор субподряда на работы,896,Да,договор субподряда,19.06.2026 – 18.07.2026,Договоры,Договор субподряда,Информационный,Статья базы знаний,Проверка договора подряда,2,3,3 — расширение,/baza-znanii/dogovor-subpodryada-na-raboty/,Запланировано,https://wordstat.yandex.ru/,"Wordstat, Россия, все устройства"
75,нужен ли акт скрытых работ,894,Да,акт скрытых работ,19.06.2026 – 18.07.2026,Исполнительная документация,Акты скрытых работ,Информационный,Статья базы знаний,Проверка исполнительной документации,2,3,3 — расширение,/baza-znanii/nuzhen-li-akt-skrytyh-rabot/,Запланировано,https://wordstat.yandex.ru/,"Wordstat, Россия, все устройства"
76,строительный мусор расценка в смете,889,Да,строительная смета,19.06.2026 – 18.07.2026,Сметы,Проверка сметы,Информационный,Статья базы знаний,Проверка сметы,2,3,3 — расширение,/baza-znanii/stroitelnyi-musor-rascenka-v-smete/,Запланировано,https://wordstat.yandex.ru/,"Wordstat, Россия, все устройства"
77,заказчик не оплачивает выполненные работы,837,Да,заказчик не оплачивает выполненные работы,19.06.2026 – 18.07.2026,Неоплата,Взыскание оплаты,Информационный,Статья базы знаний,Диагностика объекта,2,3,3 — расширение,/baza-znanii/zakazchik-ne-oplachivaet-vypolnennye-raboty/,Запланировано,https://wordstat.yandex.ru/,"Wordstat, Россия, все устройства"
78,гарантийное удержание по договору,781,Да,гарантийное удержание,19.06.2026 – 18.07.2026,Удержания,Гарантийное удержание,Информационный,Статья базы знаний,Диагностика объекта,2,3,3 — расширение,/baza-znanii/garantiinoe-uderzhanie-po-dogovoru/,Запланировано,https://wordstat.yandex.ru/,"Wordstat, Россия, все устройства"
79,акт скрытых работ 2025,761,Да,акт скрытых работ,19.06.2026 – 18.07.2026,Исполнительная документация,Акты скрытых работ,Информационный,Статья базы знаний,Проверка исполнительной документации,2,3,3 — расширение,/baza-znanii/akt-skrytyh-rabot-2025/,Запланировано,https://wordstat.yandex.ru/,"Wordstat, Россия, все устройства"
80,нужен акт на скрытые работы,751,Да,акт скрытых работ,19.06.2026 – 18.07.2026,Исполнительная документация,Акты скрытых работ,Информационный,Статья базы знаний,Проверка исполнительной документации,2,3,3 — расширение,/baza-znanii/nuzhen-akt-na-skrytye-raboty/,Запланировано,https://wordstat.yandex.ru/,"Wordstat, Россия, все устройства"
81,приказ 344 исполнительная документация в строительстве,750,Да,исполнительная документация строительство,19.06.2026 – 18.07.2026,Исполнительная документация,Комплект ИД,Информационный,Статья базы знаний,Проверка исполнительной документации,2,3,3 — расширение,/baza-znanii/prikaz-344-ispolnitelnaya-dokumentaciya-v-stroitelstve/,Запланировано,https://wordstat.yandex.ru/,"Wordstat, Россия, все устройства"
82,акт скрытых работ заполнение,745,Да,акт скрытых работ,19.06.2026 – 18.07.2026,Исполнительная документация,Акты скрытых работ,Информационный,Статья базы знаний,Проверка исполнительной документации,2,3,3 — расширение,/baza-znanii/akt-skrytyh-rabot-zapolnenie/,Запланировано,https://wordstat.yandex.ru/,"Wordstat, Россия, все устройства"
83,состав исполнительной документации в строительстве,700,Да,исполнительная документация строительство,19.06.2026 – 18.07.2026,Исполнительная документация,Комплект ИД,Информационный,Статья базы знаний,Проверка исполнительной документации,2,3,3 — расширение,/baza-znanii/sostav-ispolnitelnoi-dokumentacii-v-stroitelstve/,Запланировано,https://wordstat.yandex.ru/,"Wordstat, Россия, все устройства"
84,гарантийное удержание подряд,699,Да,гарантийное удержание,19.06.2026 – 18.07.2026,Удержания,Гарантийное удержание,Информационный,Статья базы знаний,Диагностика объекта,2,3,3 — расширение,/baza-znanii/garantiinoe-uderzhanie-podryad/,Запланировано,https://wordstat.yandex.ru/,"Wordstat, Россия, все устройства"
85,акт скрытых работ ремонт,681,Да,акт скрытых работ,19.06.2026 – 18.07.2026,Исполнительная документация,Акты скрытых работ,Информационный,Статья базы знаний,Проверка исполнительной документации,2,3,3 — расширение,/baza-znanii/akt-skrytyh-rabot-remont/,Запланировано,https://wordstat.yandex.ru/,"Wordstat, Россия, все устройства"
86,договор субподряда на выполнение,674,Да,договор субподряда,19.06.2026 – 18.07.2026,Договоры,Договор субподряда,Информационный,Статья базы знаний,Проверка договора подряда,2,3,3 — расширение,/baza-znanii/dogovor-subpodryada-na-vypolnenie/,Запланировано,https://wordstat.yandex.ru/,"Wordstat, Россия, все устройства"
87,ведение исполнительной документации в строительстве,641,Да,исполнительная документация строительство,19.06.2026 – 18.07.2026,Исполнительная документация,Комплект ИД,Информационный,Статья базы знаний,Проверка исполнительной документации,2,3,3 — расширение,/baza-znanii/vedenie-ispolnitelnoi-dokumentacii-v-stroitelstve/,Запланировано,https://wordstat.yandex.ru/,"Wordstat, Россия, все устройства"
88,договор субподряда на выполнение работ,632,Да,договор субподряда,19.06.2026 – 18.07.2026,Договоры,Договор субподряда,Информационный,Статья базы знаний,Проверка договора подряда,2,3,3 — расширение,/baza-znanii/dogovor-subpodryada-na-vypolnenie-rabot/,Запланировано,https://wordstat.yandex.ru/,"Wordstat, Россия, все устройства"
89,составить строительную смету,591,Да,строительная смета,19.06.2026 – 18.07.2026,Сметы,Проверка сметы,Информационный,Статья базы знаний,Проверка сметы,2,3,3 — расширение,/baza-znanii/sostavit-stroitelnuyu-smetu/,Запланировано,https://wordstat.yandex.ru/,"Wordstat, Россия, все устройства"
90,составление строительной сметы,589,Да,строительная смета,19.06.2026 – 18.07.2026,Сметы,Проверка сметы,Информационный,Статья базы знаний,Проверка сметы,2,3,3 — расширение,/baza-znanii/sostavlenie-stroitelnoi-smety/,Запланировано,https://wordstat.yandex.ru/,"Wordstat, Россия, все устройства"
91,гарантийное удержание в 1с,588,Да,гарантийное удержание,19.06.2026 – 18.07.2026,Удержания,Гарантийное удержание,Информационный,Статья базы знаний,Диагностика объекта,1,3,3 — расширение,/baza-znanii/garantiinoe-uderzhanie-v-1s/,Запланировано,https://wordstat.yandex.ru/,"Wordstat, Россия, все устройства"
92,документ акт скрытых работ,560,Да,акт скрытых работ,19.06.2026 – 18.07.2026,Исполнительная документация,Акты скрытых работ,Информационный,Статья базы знаний,Проверка исполнительной документации,2,3,3 — расширение,/baza-znanii/dokument-akt-skrytyh-rabot/,Запланировано,https://wordstat.yandex.ru/,"Wordstat, Россия, все устройства"
93,строительная смета 2026,553,Да,строительная смета,19.06.2026 – 18.07.2026,Сметы,Проверка сметы,Информационный,Статья базы знаний,Проверка сметы,2,3,3 — расширение,/baza-znanii/stroitelnaya-smeta-2026/,Запланировано,https://wordstat.yandex.ru/,"Wordstat, Россия, все устройства"
94,акт скрытых работ приказ,542,Да,акт скрытых работ,19.06.2026 – 18.07.2026,Исполнительная документация,Акты скрытых работ,Информационный,Статья базы знаний,Проверка исполнительной документации,2,3,3 — расширение,/baza-znanii/akt-skrytyh-rabot-prikaz/,Запланировано,https://wordstat.yandex.ru/,"Wordstat, Россия, все устройства"
95,договор строительного субподряда,536,Да,договор субподряда,19.06.2026 – 18.07.2026,Договоры,Договор субподряда,Информационный,Статья базы знаний,Проверка договора подряда,2,3,3 — расширение,/baza-znanii/dogovor-stroitelnogo-subpodryada/,Запланировано,https://wordstat.yandex.ru/,"Wordstat, Россия, все устройства"
96,акты скрытых работ заказчик,532,Да,акт скрытых работ,19.06.2026 – 18.07.2026,Исполнительная документация,Акты скрытых работ,Информационный,Статья базы знаний,Проверка исполнительной документации,2,3,3 — расширение,/baza-znanii/akty-skrytyh-rabot-zakazchik/,Запланировано,https://wordstat.yandex.ru/,"Wordstat, Россия, все устройства"
97,акт приемки скрытых работ,526,Да,акт скрытых работ,19.06.2026 – 18.07.2026,Исполнительная документация,Акты скрытых работ,Информационный,Статья базы знаний,Проверка исполнительной документации,2,3,3 — расширение,/baza-znanii/akt-priemki-skrytyh-rabot/,Запланировано,https://wordstat.yandex.ru/,"Wordstat, Россия, все устройства"
98,смета строительно монтажная,514,Да,строительная смета,19.06.2026 – 18.07.2026,Сметы,Проверка сметы,Информационный,Статья базы знаний,Проверка сметы,2,3,3 — расширение,/baza-znanii/smeta-stroitelno-montazhnaya/,Запланировано,https://wordstat.yandex.ru/,"Wordstat, Россия, все устройства"
99,гарантийное удержание подрядчика,499,Да,гарантийное удержание,19.06.2026 – 18.07.2026,Удержания,Гарантийное удержание,Информационный,Статья базы знаний,Диагностика объекта,2,3,3 — расширение,/baza-znanii/garantiinoe-uderzhanie-podryadchika/,Запланировано,https://wordstat.yandex.ru/,"Wordstat, Россия, все устройства"
100,акт выполненных скрытых работ,497,Да,акт скрытых работ,19.06.2026 – 18.07.2026,Исполнительная документация,Акты скрытых работ,Информационный,Статья базы знаний,Проверка исполнительной документации,2,3,3 — расширение,/baza-znanii/akt-vypolnennyh-skrytyh-rabot/,Запланировано,https://wordstat.yandex.ru/,"Wordstat, Россия, все устройства"
101,счет гарантийного удержания,490,Да,гарантийное удержание,19.06.2026 – 18.07.2026,Удержания,Гарантийное удержание,Информационный,Статья базы знаний,Диагностика объекта,2,3,3 — расширение,/baza-znanii/schet-garantiinogo-uderzhaniya/,Запланировано,https://wordstat.yandex.ru/,"Wordstat, Россия, все устройства"
102,смета строительных материалов,475,Да,строительная смета,19.06.2026 – 18.07.2026,Сметы,Проверка сметы,Информационный,Статья базы знаний,Проверка сметы,2,3,3 — расширение,/baza-znanii/smeta-stroitelnyh-materialov/,Запланировано,https://wordstat.yandex.ru/,"Wordstat, Россия, все устройства"
103,акт скрытых видов работ,475,Да,акт скрытых работ,19.06.2026 – 18.07.2026,Исполнительная документация,Акты скрытых работ,Информационный,Статья базы знаний,Проверка исполнительной документации,2,3,3 — расширение,/baza-znanii/akt-skrytyh-vidov-rabot/,Запланировано,https://wordstat.yandex.ru/,"Wordstat, Россия, все устройства"
104,подписание акта скрытых работ,475,Да,акт скрытых работ,19.06.2026 – 18.07.2026,Исполнительная документация,Акты скрытых работ,Информационный,Статья базы знаний,Проверка исполнительной документации,2,3,3 — расширение,/baza-znanii/podpisanie-akta-skrytyh-rabot/,Запланировано,https://wordstat.yandex.ru/,"Wordstat, Россия, все устройства"
105,перечень исполнительной документации в строительстве,472,Да,исполнительная документация строительство,19.06.2026 – 18.07.2026,Исполнительная документация,Комплект ИД,Информационный,Статья базы знаний,Проверка исполнительной документации,2,3,3 — расширение,/baza-znanii/perechen-ispolnitelnoi-dokumentacii-v-stroitelstve/,Запланировано,https://wordstat.yandex.ru/,"Wordstat, Россия, все устройства"
106,строительная смета цены,458,Да,строительная смета,19.06.2026 – 18.07.2026,Сметы,Проверка сметы,Информационный,Статья базы знаний,Проверка сметы,2,3,3 — расширение,/baza-znanii/stroitelnaya-smeta-ceny/,Запланировано,https://wordstat.yandex.ru/,"Wordstat, Россия, все устройства"
107,составляющие строительной сметы на работы,450,Да,строительная смета,19.06.2026 – 18.07.2026,Сметы,Проверка сметы,Информационный,Статья базы знаний,Проверка сметы,2,3,3 — расширение,/baza-znanii/sostavlyayuschie-stroitelnoi-smety-na-raboty/,Запланировано,https://wordstat.yandex.ru/,"Wordstat, Россия, все устройства"
108,гарантийное удержание заказчика,443,Да,гарантийное удержание,19.06.2026 – 18.07.2026,Удержания,Гарантийное удержание,Информационный,Статья базы знаний,Диагностика объекта,2,3,3 — расширение,/baza-znanii/garantiinoe-uderzhanie-zakazchika/,Запланировано,https://wordstat.yandex.ru/,"Wordstat, Россия, все устройства"
109,оформление акта скрытых работ,436,Да,акт скрытых работ,19.06.2026 – 18.07.2026,Исполнительная документация,Акты скрытых работ,Информационный,Статья базы знаний,Проверка исполнительной документации,2,3,3 — расширение,/baza-znanii/oformlenie-akta-skrytyh-rabot/,Запланировано,https://wordstat.yandex.ru/,"Wordstat, Россия, все устройства"
110,акт освидетельствования скрытых работ 2026,418,Да,акт скрытых работ,19.06.2026 – 18.07.2026,Исполнительная документация,Акты скрытых работ,Информационный,Статья базы знаний,Проверка исполнительной документации,2,3,3 — расширение,/baza-znanii/akt-osvidetelstvovaniya-skrytyh-rabot-2026/,Запланировано,https://wordstat.yandex.ru/,"Wordstat, Россия, все устройства"
111,перечень актов на скрытые работы,418,Да,акт скрытых работ,19.06.2026 – 18.07.2026,Исполнительная документация,Акты скрытых работ,Информационный,Статья базы знаний,Проверка исполнительной документации,2,3,3 — расширение,/baza-znanii/perechen-aktov-na-skrytye-raboty/,Запланировано,https://wordstat.yandex.ru/,"Wordstat, Россия, все устройства"
112,кто подписывает акты скрытых работ,415,Да,акт скрытых работ,19.06.2026 – 18.07.2026,Исполнительная документация,Акты скрытых работ,Информационный,Статья базы знаний,Проверка исполнительной документации,2,3,3 — расширение,/baza-znanii/kto-podpisyvaet-akty-skrytyh-rabot/,Запланировано,https://wordstat.yandex.ru/,"Wordstat, Россия, все устройства"
113,акты скрытых работ сп,407,Да,акт скрытых работ,19.06.2026 – 18.07.2026,Исполнительная документация,Акты скрытых работ,Информационный,Статья базы знаний,Проверка исполнительной документации,2,3,3 — расширение,/baza-znanii/akty-skrytyh-rabot-sp/,Запланировано,https://wordstat.yandex.ru/,"Wordstat, Россия, все устройства"
114,договор субподряда строительные работы,401,Да,договор субподряда,19.06.2026 – 18.07.2026,Договоры,Договор субподряда,Информационный,Статья базы знаний,Проверка договора подряда,2,3,3 — расширение,/baza-znanii/dogovor-subpodryada-stroitelnye-raboty/,Запланировано,https://wordstat.yandex.ru/,"Wordstat, Россия, все устройства"
115,строительная гранд смета,394,Да,строительная смета,19.06.2026 – 18.07.2026,Сметы,Проверка сметы,Информационный,Статья базы знаний,Проверка сметы,2,3,3 — расширение,/baza-znanii/stroitelnaya-grand-smeta/,Запланировано,https://wordstat.yandex.ru/,"Wordstat, Россия, все устройства"
116,гарантийное удержание проводки,390,Да,гарантийное удержание,19.06.2026 – 18.07.2026,Удержания,Гарантийное удержание,Информационный,Статья базы знаний,Диагностика объекта,1,3,3 — расширение,/baza-znanii/garantiinoe-uderzhanie-provodki/,Запланировано,https://wordstat.yandex.ru/,"Wordstat, Россия, все устройства"
117,необходимые акты скрытых работ,385,Да,акт скрытых работ,19.06.2026 – 18.07.2026,Исполнительная документация,Акты скрытых работ,Информационный,Статья базы знаний,Проверка исполнительной документации,2,3,3 — расширение,/baza-znanii/neobhodimye-akty-skrytyh-rabot/,Запланировано,https://wordstat.yandex.ru/,"Wordstat, Россия, все устройства"
118,акт скрытых работ схема,380,Да,акт скрытых работ,19.06.2026 – 18.07.2026,Исполнительная документация,Акты скрытых работ,Информационный,Статья базы знаний,Проверка исполнительной документации,2,3,3 — расширение,/baza-znanii/akt-skrytyh-rabot-shema/,Запланировано,https://wordstat.yandex.ru/,"Wordstat, Россия, все устройства"
119,договор заказчик субподряда,377,Да,договор субподряда,19.06.2026 – 18.07.2026,Договоры,Договор субподряда,Информационный,Статья базы знаний,Проверка договора подряда,2,3,3 — расширение,/baza-znanii/dogovor-zakazchik-subpodryada/,Запланировано,https://wordstat.yandex.ru/,"Wordstat, Россия, все устройства"
120,гарантийные удержания ндс,370,Да,гарантийное удержание,19.06.2026 – 18.07.2026,Удержания,Гарантийное удержание,Информационный,Статья базы знаний,Диагностика объекта,2,3,3 — расширение,/baza-znanii/garantiinye-uderzhaniya-nds/,Запланировано,https://wordstat.yandex.ru/,"Wordstat, Россия, все устройства"
121,акт скрытых работ подрядчика,369,Да,акт скрытых работ,19.06.2026 – 18.07.2026,Исполнительная документация,Акты скрытых работ,Информационный,Статья базы знаний,Проверка исполнительной документации,2,3,3 — расширение,/baza-znanii/akt-skrytyh-rabot-podryadchika/,Запланировано,https://wordstat.yandex.ru/,"Wordstat, Россия, все устройства"
122,исполнительная документация в строительстве 2025,366,Да,исполнительная документация строительство,19.06.2026 – 18.07.2026,Исполнительная документация,Комплект ИД,Информационный,Статья базы знаний,Проверка исполнительной документации,2,3,3 — расширение,/baza-znanii/ispolnitelnaya-dokumentaciya-v-stroitelstve-2025/,Запланировано,https://wordstat.yandex.ru/,"Wordstat, Россия, все устройства"
123,составление сметы на строительные работы,365,Да,строительная смета,19.06.2026 – 18.07.2026,Сметы,Проверка сметы,Информационный,Статья базы знаний,Проверка сметы,2,3,3 — расширение,/baza-znanii/sostavlenie-smety-na-stroitelnye-raboty/,Запланировано,https://wordstat.yandex.ru/,"Wordstat, Россия, все устройства"
124,сумма гарантийных удержаний,362,Да,гарантийное удержание,19.06.2026 – 18.07.2026,Удержания,Гарантийное удержание,Информационный,Статья базы знаний,Диагностика объекта,2,3,3 — расширение,/baza-znanii/summa-garantiinyh-uderzhanii/,Запланировано,https://wordstat.yandex.ru/,"Wordstat, Россия, все устройства"
125,строительные леса в смете,355,Да,строительная смета,19.06.2026 – 18.07.2026,Сметы,Проверка сметы,Информационный,Статья базы знаний,Проверка сметы,2,3,3 — расширение,/baza-znanii/stroitelnye-lesa-v-smete/,Запланировано,https://wordstat.yandex.ru/,"Wordstat, Россия, все устройства"
126,расчет строительной сметы,352,Да,строительная смета,19.06.2026 – 18.07.2026,Сметы,Проверка сметы,Информационный,Статья базы знаний,Проверка сметы,2,3,3 — расширение,/baza-znanii/raschet-stroitelnoi-smety/,Запланировано,https://wordstat.yandex.ru/,"Wordstat, Россия, все устройства"
127,исполнительная документация в строительстве работа,351,Да,исполнительная документация строительство,19.06.2026 – 18.07.2026,Исполнительная документация,Комплект ИД,Информационный,Статья базы знаний,Проверка исполнительной документации,2,3,3 — расширение,/baza-znanii/ispolnitelnaya-dokumentaciya-v-stroitelstve-rabota/,Запланировано,https://wordstat.yandex.ru/,"Wordstat, Россия, все устройства"
128,акт скрытых работ кабель,345,Да,акт скрытых работ,19.06.2026 – 18.07.2026,Исполнительная документация,Акты скрытых работ,Информационный,Статья базы знаний,Проверка исполнительной документации,2,3,3 — расширение,/baza-znanii/akt-skrytyh-rabot-kabel/,Запланировано,https://wordstat.yandex.ru/,"Wordstat, Россия, все устройства"
129,акт скрытых работ реестр,343,Да,акт скрытых работ,19.06.2026 – 18.07.2026,Исполнительная документация,Акты скрытых работ,Информационный,Статья базы знаний,Проверка исполнительной документации,2,3,3 — расширение,/baza-znanii/akt-skrytyh-rabot-reestr/,Запланировано,https://wordstat.yandex.ru/,"Wordstat, Россия, все устройства"
130,акт скрытых работ строительных работ,341,Да,акт скрытых работ,19.06.2026 – 18.07.2026,Исполнительная документация,Акты скрытых работ,Информационный,Статья базы знаний,Проверка исполнительной документации,2,3,3 — расширение,/baza-znanii/akt-skrytyh-rabot-stroitelnyh-rabot/,Запланировано,https://wordstat.yandex.ru/,"Wordstat, Россия, все устройства"
131,акт скрытых работ фундамента,338,Да,акт скрытых работ,19.06.2026 – 18.07.2026,Исполнительная документация,Акты скрытых работ,Информационный,Статья базы знаний,Проверка исполнительной документации,2,3,3 — расширение,/baza-znanii/akt-skrytyh-rabot-fundamenta/,Запланировано,https://wordstat.yandex.ru/,"Wordstat, Россия, все устройства"
132,проектная исполнительная документация строительства,331,Да,исполнительная документация строительство,19.06.2026 – 18.07.2026,Исполнительная документация,Комплект ИД,Информационный,Статья базы знаний,Проверка исполнительной документации,2,3,3 — расширение,/baza-znanii/proektnaya-ispolnitelnaya-dokumentaciya-stroitelstva/,Запланировано,https://wordstat.yandex.ru/,"Wordstat, Россия, все устройства"
133,журнал актов скрытых работ,324,Да,акт скрытых работ,19.06.2026 – 18.07.2026,Исполнительная документация,Акты скрытых работ,Информационный,Статья базы знаний,Проверка исполнительной документации,2,3,3 — расширение,/baza-znanii/zhurnal-aktov-skrytyh-rabot/,Запланировано,https://wordstat.yandex.ru/,"Wordstat, Россия, все устройства"
134,акт скрытых работ стены,322,Да,акт скрытых работ,19.06.2026 – 18.07.2026,Исполнительная документация,Акты скрытых работ,Информационный,Статья базы знаний,Проверка исполнительной документации,2,3,3 — расширение,/baza-znanii/akt-skrytyh-rabot-steny/,Запланировано,https://wordstat.yandex.ru/,"Wordstat, Россия, все устройства"
135,исполнительная документация в строительстве капитальный ремонт,318,Да,исполнительная документация строительство,19.06.2026 – 18.07.2026,Исполнительная документация,Комплект ИД,Информационный,Статья базы знаний,Проверка исполнительной документации,2,3,3 — расширение,/baza-znanii/ispolnitelnaya-dokumentaciya-v-stroitelstve-kapitalnyi-remont/,Запланировано,https://wordstat.yandex.ru/,"Wordstat, Россия, все устройства"
136,бесплатные строительные сметы,317,Да,строительная смета,19.06.2026 – 18.07.2026,Сметы,Проверка сметы,Информационный,Статья базы знаний,Проверка сметы,2,3,3 — расширение,/baza-znanii/besplatnye-stroitelnye-smety/,Запланировано,https://wordstat.yandex.ru/,"Wordstat, Россия, все устройства"
137,министерство строительства исполнительная документация,313,Да,исполнительная документация строительство,19.06.2026 – 18.07.2026,Исполнительная документация,Комплект ИД,Информационный,Статья базы знаний,Проверка исполнительной документации,2,3,3 — расширение,/baza-znanii/ministerstvo-stroitelstva-ispolnitelnaya-dokumentaciya/,Запланировано,https://wordstat.yandex.ru/,"Wordstat, Россия, все устройства"
138,строительный мусор расценка в смете гэсн,313,Да,строительная смета,19.06.2026 – 18.07.2026,Сметы,Проверка сметы,Информационный,Статья базы знаний,Проверка сметы,2,3,3 — расширение,/baza-znanii/stroitelnyi-musor-rascenka-v-smete-gesn/,Запланировано,https://wordstat.yandex.ru/,"Wordstat, Россия, все устройства"
139,смета на строительные работы 2026,312,Да,строительная смета,19.06.2026 – 18.07.2026,Сметы,Проверка сметы,Информационный,Статья базы знаний,Проверка сметы,2,3,3 — расширение,/baza-znanii/smeta-na-stroitelnye-raboty-2026/,Запланировано,https://wordstat.yandex.ru/,"Wordstat, Россия, все устройства"
140,составление акта скрытых работ,310,Да,акт скрытых работ,19.06.2026 – 18.07.2026,Исполнительная документация,Акты скрытых работ,Информационный,Статья базы знаний,Проверка исполнительной документации,2,3,3 — расширение,/baza-znanii/sostavlenie-akta-skrytyh-rabot/,Запланировано,https://wordstat.yandex.ru/,"Wordstat, Россия, все устройства"
141,договор субподряда на выполнение строительных,297,Да,договор субподряда,19.06.2026 – 18.07.2026,Договоры,Договор субподряда,Информационный,Статья базы знаний,Проверка договора подряда,2,3,3 — расширение,/baza-znanii/dogovor-subpodryada-na-vypolnenie-stroitelnyh/,Запланировано,https://wordstat.yandex.ru/,"Wordstat, Россия, все устройства"
142,договор субподряда на выполнение строительных работ,294,Да,договор субподряда,19.06.2026 – 18.07.2026,Договоры,Договор субподряда,Информационный,Статья базы знаний,Проверка договора подряда,2,3,3 — расширение,/baza-znanii/dogovor-subpodryada-na-vypolnenie-stroitelnyh-rabot/,Запланировано,https://wordstat.yandex.ru/,"Wordstat, Россия, все устройства"
143,оформление исполнительной документации в строительстве,292,Да,исполнительная документация строительство,19.06.2026 – 18.07.2026,Исполнительная документация,Комплект ИД,Информационный,Статья базы знаний,Проверка исполнительной документации,2,3,3 — расширение,/baza-znanii/oformlenie-ispolnitelnoi-dokumentacii-v-stroitelstve/,Запланировано,https://wordstat.yandex.ru/,"Wordstat, Россия, все устройства"
144,смета строительный подряд,286,Да,строительная смета,19.06.2026 – 18.07.2026,Сметы,Проверка сметы,Информационный,Статья базы знаний,Проверка сметы,2,3,3 — расширение,/baza-znanii/smeta-stroitelnyi-podryad/,Запланировано,https://wordstat.yandex.ru/,"Wordstat, Россия, все устройства"
145,выполнение актов скрытых работ,286,Да,акт скрытых работ,19.06.2026 – 18.07.2026,Исполнительная документация,Акты скрытых работ,Информационный,Статья базы знаний,Проверка исполнительной документации,2,3,3 — расширение,/baza-znanii/vypolnenie-aktov-skrytyh-rabot/,Запланировано,https://wordstat.yandex.ru/,"Wordstat, Россия, все устройства"
146,акт скрытых работ оформляется,284,Да,акт скрытых работ,19.06.2026 – 18.07.2026,Исполнительная документация,Акты скрытых работ,Информационный,Статья базы знаний,Проверка исполнительной документации,2,3,3 — расширение,/baza-znanii/akt-skrytyh-rabot-oformlyaetsya/,Запланировано,https://wordstat.yandex.ru/,"Wordstat, Россия, все устройства"
147,акт дополнительных работ в строительстве,281,Да,дополнительные работы в строительстве,19.06.2026 – 18.07.2026,Допработы,Согласование изменений,Информационный,Статья базы знаний,Пакет «Допработы без потерь»,2,3,3 — расширение,/baza-znanii/akt-dopolnitelnyh-rabot-v-stroitelstve/,Запланировано,https://wordstat.yandex.ru/,"Wordstat, Россия, все устройства"
148,погрузка мусора строительного смета,280,Да,строительная смета,19.06.2026 – 18.07.2026,Сметы,Проверка сметы,Информационный,Статья базы знаний,Проверка сметы,2,3,3 — расширение,/baza-znanii/pogruzka-musora-stroitelnogo-smeta/,Запланировано,https://wordstat.yandex.ru/,"Wordstat, Россия, все устройства"
149,рд исполнительная документация в строительстве,273,Да,исполнительная документация строительство,19.06.2026 – 18.07.2026,Исполнительная документация,Комплект ИД,Информационный,Статья базы знаний,Проверка исполнительной документации,2,3,3 — расширение,/baza-znanii/rd-ispolnitelnaya-dokumentaciya-v-stroitelstve/,Запланировано,https://wordstat.yandex.ru/,"Wordstat, Россия, все устройства"
150,смета договора строительного подряда,259,Да,строительная смета,19.06.2026 – 18.07.2026,Сметы,Проверка сметы,Информационный,Статья базы знаний,Проверка сметы,2,3,3 — расширение,/baza-znanii/smeta-dogovora-stroitelnogo-podryada/,Запланировано,https://wordstat.yandex.ru/,"Wordstat, Россия, все устройства"
151,акты исполнительной документации в строительстве,257,Да,исполнительная документация строительство,19.06.2026 – 18.07.2026,Исполнительная документация,Комплект ИД,Информационный,Статья базы знаний,Проверка исполнительной документации,2,3,3 — расширение,/baza-znanii/akty-ispolnitelnoi-dokumentacii-v-stroitelstve/,Запланировано,https://wordstat.yandex.ru/,"Wordstat, Россия, все устройства"
152,вывоз строительного мусора смета,255,Да,строительная смета,19.06.2026 – 18.07.2026,Сметы,Проверка сметы,Информационный,Статья базы знаний,Проверка сметы,2,3,3 — расширение,/baza-znanii/vyvoz-stroitelnogo-musora-smeta/,Запланировано,https://wordstat.yandex.ru/,"Wordstat, Россия, все устройства"
153,смета на строительно монтажные работы,254,Да,строительная смета,19.06.2026 – 18.07.2026,Сметы,Проверка сметы,Информационный,Статья базы знаний,Проверка сметы,2,3,3 — расширение,/baza-znanii/smeta-na-stroitelno-montazhnye-raboty/,Запланировано,https://wordstat.yandex.ru/,"Wordstat, Россия, все устройства"
154,договор смета строительных работ,254,Да,строительная смета,19.06.2026 – 18.07.2026,Сметы,Проверка сметы,Информационный,Статья базы знаний,Проверка сметы,2,3,3 — расширение,/baza-znanii/dogovor-smeta-stroitelnyh-rabot/,Запланировано,https://wordstat.yandex.ru/,"Wordstat, Россия, все устройства"
155,строительный контроль в смете,252,Да,строительная смета,19.06.2026 – 18.07.2026,Сметы,Проверка сметы,Информационный,Статья базы знаний,Проверка сметы,2,3,3 — расширение,/baza-znanii/stroitelnyi-kontrol-v-smete/,Запланировано,https://wordstat.yandex.ru/,"Wordstat, Россия, все устройства"
156,инженерные сети строительство исполнительная документация,251,Да,исполнительная документация строительство,19.06.2026 – 18.07.2026,Исполнительная документация,Комплект ИД,Информационный,Статья базы знаний,Проверка исполнительной документации,2,3,3 — расширение,/baza-znanii/inzhenernye-seti-stroitelstvo-ispolnitelnaya-dokumentaciya/,Запланировано,https://wordstat.yandex.ru/,"Wordstat, Россия, все устройства"
157,исполнительная техническая документация при строительстве объектов,248,Да,исполнительная документация строительство,19.06.2026 – 18.07.2026,Исполнительная документация,Комплект ИД,Информационный,Статья базы знаний,Проверка исполнительной документации,2,3,3 — расширение,/baza-znanii/ispolnitelnaya-tehnicheskaya-dokumentaciya-pri-stroitelstve-obektov/,Запланировано,https://wordstat.yandex.ru/,"Wordstat, Россия, все устройства"
158,смета на строительные работы бесплатно,242,Да,строительная смета,19.06.2026 – 18.07.2026,Сметы,Проверка сметы,Информационный,Статья базы знаний,Проверка сметы,2,3,3 — расширение,/baza-znanii/smeta-na-stroitelnye-raboty-besplatno/,Запланировано,https://wordstat.yandex.ru/,"Wordstat, Россия, все устройства"
159,гарантийные удержания в 1с 8.3,238,Да,гарантийное удержание,19.06.2026 – 18.07.2026,Удержания,Гарантийное удержание,Информационный,Статья базы знаний,Диагностика объекта,1,3,3 — расширение,/baza-znanii/garantiinye-uderzhaniya-v-1s-8-3/,Запланировано,https://wordstat.yandex.ru/,"Wordstat, Россия, все устройства"
160,строительно ремонтные сметы,238,Да,строительная смета,19.06.2026 – 18.07.2026,Сметы,Проверка сметы,Информационный,Статья базы знаний,Проверка сметы,2,3,3 — расширение,/baza-znanii/stroitelno-remontnye-smety/,Запланировано,https://wordstat.yandex.ru/,"Wordstat, Россия, все устройства"
161,смета строительных расходов,233,Да,строительная смета,19.06.2026 – 18.07.2026,Сметы,Проверка сметы,Информационный,Статья базы знаний,Проверка сметы,2,3,3 — расширение,/baza-znanii/smeta-stroitelnyh-rashodov/,Запланировано,https://wordstat.yandex.ru/,"Wordstat, Россия, все устройства"
162,вес строительного мусора в смете,231,Да,строительная смета,19.06.2026 – 18.07.2026,Сметы,Проверка сметы,Информационный,Статья базы знаний,Проверка сметы,2,3,3 — расширение,/baza-znanii/ves-stroitelnogo-musora-v-smete/,Запланировано,https://wordstat.yandex.ru/,"Wordstat, Россия, все устройства"
163,работы выполнены подрядчиком заказчик не оплатил,227,Да,заказчик не оплачивает выполненные работы,19.06.2026 – 18.07.2026,Неоплата,Взыскание оплаты,Информационный,Статья базы знаний,Диагностика объекта,2,3,3 — расширение,/baza-znanii/raboty-vypolneny-podryadchikom-zakazchik-ne-oplatil/,Запланировано,https://wordstat.yandex.ru/,"Wordstat, Россия, все устройства"
164,что входит в исполнительную документацию в строительстве,223,Да,исполнительная документация строительство,19.06.2026 – 18.07.2026,Исполнительная документация,Комплект ИД,Информационный,Статья базы знаний,Проверка исполнительной документации,2,3,3 — расширение,/baza-znanii/chto-vhodit-v-ispolnitelnuyu-dokumentaciyu-v-stroitelstve/,Запланировано,https://wordstat.yandex.ru/,"Wordstat, Россия, все устройства"
165,программа для сметы строительных,219,Да,строительная смета,19.06.2026 – 18.07.2026,Сметы,Проверка сметы,Информационный,Статья базы знаний,Проверка сметы,2,3,3 — расширение,/baza-znanii/programma-dlya-smety-stroitelnyh/,Запланировано,https://wordstat.yandex.ru/,"Wordstat, Россия, все устройства"
166,требования к исполнительной документации в строительстве,208,Да,исполнительная документация строительство,19.06.2026 – 18.07.2026,Исполнительная документация,Комплект ИД,Информационный,Статья базы знаний,Проверка исполнительной документации,2,3,3 — расширение,/baza-znanii/trebovaniya-k-ispolnitelnoi-dokumentacii-v-stroitelstve/,Запланировано,https://wordstat.yandex.ru/,"Wordstat, Россия, все устройства"
167,исполнительная документация в строительстве 2026,208,Да,исполнительная документация строительство,19.06.2026 – 18.07.2026,Исполнительная документация,Комплект ИД,Информационный,Статья базы знаний,Проверка исполнительной документации,2,3,3 — расширение,/baza-znanii/ispolnitelnaya-dokumentaciya-v-stroitelstve-2026/,Запланировано,https://wordstat.yandex.ru/,"Wordstat, Россия, все устройства"
168,исполнительно техническая документация в строительстве,207,Да,исполнительная документация строительство,19.06.2026 – 18.07.2026,Исполнительная документация,Комплект ИД,Информационный,Статья базы знаний,Проверка исполнительной документации,2,3,3 — расширение,/baza-znanii/ispolnitelno-tehnicheskaya-dokumentaciya-v-stroitelstve/,Запланировано,https://wordstat.yandex.ru/,"Wordstat, Россия, все устройства"
169,оплата гарантийного удержания,206,Да,гарантийное удержание,19.06.2026 – 18.07.2026,Удержания,Гарантийное удержание,Информационный,Статья базы знаний,Диагностика объекта,2,3,3 — расширение,/baza-znanii/oplata-garantiinogo-uderzhaniya/,Запланировано,https://wordstat.yandex.ru/,"Wordstat, Россия, все устройства"
170,строительно ремонтные работы смета,206,Да,строительная смета,19.06.2026 – 18.07.2026,Сметы,Проверка сметы,Информационный,Статья базы знаний,Проверка сметы,2,3,3 — расширение,/baza-znanii/stroitelno-remontnye-raboty-smeta/,Запланировано,https://wordstat.yandex.ru/,"Wordstat, Россия, все устройства"
171,локальная смета строительные,206,Да,строительная смета,19.06.2026 – 18.07.2026,Сметы,Проверка сметы,Информационный,Статья базы знаний,Проверка сметы,2,3,3 — расширение,/baza-znanii/lokalnaya-smeta-stroitelnye/,Запланировано,https://wordstat.yandex.ru/,"Wordstat, Россия, все устройства"
172,погрузка строительного мусора расценка в смете,202,Да,строительная смета,19.06.2026 – 18.07.2026,Сметы,Проверка сметы,Информационный,Статья базы знаний,Проверка сметы,2,3,3 — расширение,/baza-znanii/pogruzka-stroitelnogo-musora-rascenka-v-smete/,Запланировано,https://wordstat.yandex.ru/,"Wordstat, Россия, все устройства"
173,строительная смета онлайн,198,Да,строительная смета,19.06.2026 – 18.07.2026,Сметы,Проверка сметы,Информационный,Статья базы знаний,Проверка сметы,2,3,3 — расширение,/baza-znanii/stroitelnaya-smeta-onlain/,Запланировано,https://wordstat.yandex.ru/,"Wordstat, Россия, все устройства"
174,учет гарантийного удержания,193,Да,гарантийное удержание,19.06.2026 – 18.07.2026,Удержания,Гарантийное удержание,Информационный,Статья базы знаний,Диагностика объекта,2,3,3 — расширение,/baza-znanii/uchet-garantiinogo-uderzhaniya/,Запланировано,https://wordstat.yandex.ru/,"Wordstat, Россия, все устройства"
175,мусор строительный вес 1 м3 в смете,190,Да,строительная смета,19.06.2026 – 18.07.2026,Сметы,Проверка сметы,Информационный,Статья базы знаний,Проверка сметы,2,3,3 — расширение,/baza-znanii/musor-stroitelnyi-ves-1-m3-v-smete/,Запланировано,https://wordstat.yandex.ru/,"Wordstat, Россия, все устройства"
176,образец дополнительных работ в строительстве,189,Да,дополнительные работы в строительстве,19.06.2026 – 18.07.2026,Допработы,Согласование изменений,Шаблон / лид-магнит,Лид-магнит / шаблон,Пакет «Допработы без потерь»,3,3,3 — расширение,/materialy/obrazec-dopolnitelnyh-rabot-v-stroitelstve/,Запланировано,https://wordstat.yandex.ru/,"Wordstat, Россия, все устройства"
177,леса строительные расценка в смете,187,Да,строительная смета,19.06.2026 – 18.07.2026,Сметы,Проверка сметы,Информационный,Статья базы знаний,Проверка сметы,2,3,3 — расширение,/baza-znanii/lesa-stroitelnye-rascenka-v-smete/,Запланировано,https://wordstat.yandex.ru/,"Wordstat, Россия, все устройства"
178,реестр исполнительной документации в строительстве,183,Да,исполнительная документация строительство,19.06.2026 – 18.07.2026,Исполнительная документация,Комплект ИД,Информационный,Статья базы знаний,Проверка исполнительной документации,2,3,3 — расширение,/baza-znanii/reestr-ispolnitelnoi-dokumentacii-v-stroitelstve/,Запланировано,https://wordstat.yandex.ru/,"Wordstat, Россия, все устройства"
179,письмо гарантийное удержание,183,Да,гарантийное удержание,19.06.2026 – 18.07.2026,Удержания,Гарантийное удержание,Информационный,Статья базы знаний,Диагностика объекта,2,3,3 — расширение,/baza-znanii/pismo-garantiinoe-uderzhanie/,Запланировано,https://wordstat.yandex.ru/,"Wordstat, Россия, все устройства"
180,рд 11 исполнительная документация в строительстве,181,Да,исполнительная документация строительство,19.06.2026 – 18.07.2026,Исполнительная документация,Комплект ИД,Информационный,Статья базы знаний,Проверка исполнительной документации,2,3,3 — расширение,/baza-znanii/rd-11-ispolnitelnaya-dokumentaciya-v-stroitelstve/,Запланировано,https://wordstat.yandex.ru/,"Wordstat, Россия, все устройства"
181,смета строительного объекта,181,Да,строительная смета,19.06.2026 – 18.07.2026,Сметы,Проверка сметы,Информационный,Статья базы знаний,Проверка сметы,2,3,3 — расширение,/baza-znanii/smeta-stroitelnogo-obekta/,Запланировано,https://wordstat.yandex.ru/,"Wordstat, Россия, все устройства"
182,образец договора субподряда на выполнение строительных работ,179,Да,договор субподряда,19.06.2026 – 18.07.2026,Договоры,Договор субподряда,Шаблон / лид-магнит,Лид-магнит / шаблон,Проверка договора подряда,3,3,3 — расширение,/materialy/obrazec-dogovora-subpodryada-na-vypolnenie-stroitelnyh-rabot/,Запланировано,https://wordstat.yandex.ru/,"Wordstat, Россия, все устройства"
183,рд исполнительная документация в строительстве 2006,178,Да,исполнительная документация строительство,19.06.2026 – 18.07.2026,Исполнительная документация,Комплект ИД,Информационный,Статья базы знаний,Проверка исполнительной документации,2,3,3 — расширение,/baza-znanii/rd-ispolnitelnaya-dokumentaciya-v-stroitelstve-2006/,Запланировано,https://wordstat.yandex.ru/,"Wordstat, Россия, все устройства"
184,выполнение дополнительных работ в строительстве,173,Да,дополнительные работы в строительстве,19.06.2026 – 18.07.2026,Допработы,Согласование изменений,Информационный,Статья базы знаний,Пакет «Допработы без потерь»,2,3,3 — расширение,/baza-znanii/vypolnenie-dopolnitelnyh-rabot-v-stroitelstve/,Запланировано,https://wordstat.yandex.ru/,"Wordstat, Россия, все устройства"
185,заключение договоров субподряда,172,Да,договор субподряда,19.06.2026 – 18.07.2026,Договоры,Договор субподряда,Информационный,Статья базы знаний,Проверка договора подряда,2,3,3 — расширение,/baza-znanii/zaklyuchenie-dogovorov-subpodryada/,Запланировано,https://wordstat.yandex.ru/,"Wordstat, Россия, все устройства"
186,исполнительная геодезическая документация в строительстве,171,Да,исполнительная документация строительство,19.06.2026 – 18.07.2026,Исполнительная документация,Комплект ИД,Информационный,Статья базы знаний,Проверка исполнительной документации,2,3,3 — расширение,/baza-znanii/ispolnitelnaya-geodezicheskaya-dokumentaciya-v-stroitelstve/,Запланировано,https://wordstat.yandex.ru/,"Wordstat, Россия, все устройства"
187,шаблон строительной сметы,170,Да,строительная смета,19.06.2026 – 18.07.2026,Сметы,Проверка сметы,Информационный,Статья базы знаний,Проверка сметы,2,3,3 — расширение,/baza-znanii/shablon-stroitelnoi-smety/,Запланировано,https://wordstat.yandex.ru/,"Wordstat, Россия, все устройства"
188,строительные организации смета,169,Да,строительная смета,19.06.2026 – 18.07.2026,Сметы,Проверка сметы,Информационный,Статья базы знаний,Проверка сметы,2,3,3 — расширение,/baza-znanii/stroitelnye-organizacii-smeta/,Запланировано,https://wordstat.yandex.ru/,"Wordstat, Россия, все устройства"
189,исполнительная документация организация строительства,167,Да,исполнительная документация строительство,19.06.2026 – 18.07.2026,Исполнительная документация,Комплект ИД,Информационный,Статья базы знаний,Проверка исполнительной документации,2,3,3 — расширение,/baza-znanii/ispolnitelnaya-dokumentaciya-organizaciya-stroitelstva/,Запланировано,https://wordstat.yandex.ru/,"Wordstat, Россия, все устройства"
190,договор субподряда образец скачать,166,Да,договор субподряда,19.06.2026 – 18.07.2026,Договоры,Договор субподряда,Шаблон / лид-магнит,Лид-магнит / шаблон,Проверка договора подряда,3,3,3 — расширение,/materialy/dogovor-subpodryada-obrazec-skachat/,Запланировано,https://wordstat.yandex.ru/,"Wordstat, Россия, все устройства"
191,сумма договора субподряда,166,Да,договор субподряда,19.06.2026 – 18.07.2026,Договоры,Договор субподряда,Информационный,Статья базы знаний,Проверка договора подряда,2,3,3 — расширение,/baza-znanii/summa-dogovora-subpodryada/,Запланировано,https://wordstat.yandex.ru/,"Wordstat, Россия, все устройства"
192,скачать договор субподряда на выполнение работ,159,Да,договор субподряда,19.06.2026 – 18.07.2026,Договоры,Договор субподряда,Шаблон / лид-магнит,Лид-магнит / шаблон,Проверка договора подряда,3,3,3 — расширение,/materialy/skachat-dogovor-subpodryada-na-vypolnenie-rabot/,Запланировано,https://wordstat.yandex.ru/,"Wordstat, Россия, все устройства"
193,исполнение договора субподряда,156,Да,договор субподряда,19.06.2026 – 18.07.2026,Договоры,Договор субподряда,Информационный,Статья базы знаний,Проверка договора подряда,2,3,3 — расширение,/baza-znanii/ispolnenie-dogovora-subpodryada/,Запланировано,https://wordstat.yandex.ru/,"Wordstat, Россия, все устройства"
194,заказчик не оплачивает акты выполненных работ,154,Да,заказчик не оплачивает выполненные работы,19.06.2026 – 18.07.2026,Неоплата,Взыскание оплаты,Информационный,Статья базы знаний,Диагностика объекта,2,3,3 — расширение,/baza-znanii/zakazchik-ne-oplachivaet-akty-vypolnennyh-rabot/,Запланировано,https://wordstat.yandex.ru/,"Wordstat, Россия, все устройства"
195,условия договора субподряда,154,Да,договор субподряда,19.06.2026 – 18.07.2026,Договоры,Договор субподряда,Информационный,Статья базы знаний,Проверка договора подряда,2,3,3 — расширение,/baza-znanii/usloviya-dogovora-subpodryada/,Запланировано,https://wordstat.yandex.ru/,"Wordstat, Россия, все устройства"
196,заказчик не оплачивает выполненные работы по договору,152,Да,заказчик не оплачивает выполненные работы,19.06.2026 – 18.07.2026,Неоплата,Взыскание оплаты,Информационный,Статья базы знаний,Диагностика объекта,2,3,3 — расширение,/baza-znanii/zakazchik-ne-oplachivaet-vypolnennye-raboty-po-dogovoru/,Запланировано,https://wordstat.yandex.ru/,"Wordstat, Россия, все устройства"
197,договор субподряда ооо и ооо,151,Да,договор субподряда,19.06.2026 – 18.07.2026,Договоры,Договор субподряда,Информационный,Статья базы знаний,Проверка договора подряда,2,3,3 — расширение,/baza-znanii/dogovor-subpodryada-ooo-i-ooo/,Запланировано,https://wordstat.yandex.ru/,"Wordstat, Россия, все устройства"
198,состав исполнительной документации в строительстве 2025,149,Да,исполнительная документация строительство,19.06.2026 – 18.07.2026,Исполнительная документация,Комплект ИД,Информационный,Статья базы знаний,Проверка исполнительной документации,2,3,3 — расширение,/baza-znanii/sostav-ispolnitelnoi-dokumentacii-v-stroitelstve-2025/,Запланировано,https://wordstat.yandex.ru/,"Wordstat, Россия, все устройства"
199,договор строительного субподряда скачать,148,Да,договор субподряда,19.06.2026 – 18.07.2026,Договоры,Договор субподряда,Шаблон / лид-магнит,Лид-магнит / шаблон,Проверка договора подряда,3,3,3 — расширение,/materialy/dogovor-stroitelnogo-subpodryada-skachat/,Запланировано,https://wordstat.yandex.ru/,"Wordstat, Россия, все устройства"
200,договор субподряда на строительные работы скачать,148,Да,договор субподряда,19.06.2026 – 18.07.2026,Договоры,Договор субподряда,Шаблон / лид-магнит,Лид-магнит / шаблон,Проверка договора подряда,3,3,3 — расширение,/materialy/dogovor-subpodryada-na-stroitelnye-raboty-skachat/,Запланировано,https://wordstat.yandex.ru/,"Wordstat, Россия, все устройства"
201,скачать договор субподряда на выполнение строительных работ,148,Да,договор субподряда,19.06.2026 – 18.07.2026,Договоры,Договор субподряда,Шаблон / лид-магнит,Лид-магнит / шаблон,Проверка договора подряда,3,3,3 — расширение,/materialy/skachat-dogovor-subpodryada-na-vypolnenie-stroitelnyh-rabot/,Запланировано,https://wordstat.yandex.ru/,"Wordstat, Россия, все устройства"
202,договор субподряд строительство,144,Да,договор субподряда,19.06.2026 – 18.07.2026,Договоры,Договор субподряда,Информационный,Статья базы знаний,Проверка договора подряда,2,3,3 — расширение,/baza-znanii/dogovor-subpodryad-stroitelstvo/,Запланировано,https://wordstat.yandex.ru/,"Wordstat, Россия, все устройства"
203,договор субподряда оплата,144,Да,договор субподряда,19.06.2026 – 18.07.2026,Договоры,Договор субподряда,Информационный,Статья базы знаний,Проверка договора подряда,2,3,3 — расширение,/baza-znanii/dogovor-subpodryada-oplata/,Запланировано,https://wordstat.yandex.ru/,"Wordstat, Россия, все устройства"
204,исполнительная документация в строительстве расшифровка,143,Да,исполнительная документация строительство,19.06.2026 – 18.07.2026,Исполнительная документация,Комплект ИД,Информационный,Статья базы знаний,Проверка исполнительной документации,2,3,3 — расширение,/baza-znanii/ispolnitelnaya-dokumentaciya-v-stroitelstve-rasshifrovka/,Запланировано,https://wordstat.yandex.ru/,"Wordstat, Россия, все устройства"
205,подготовка исполнительной документации в строительстве,143,Да,исполнительная документация строительство,19.06.2026 – 18.07.2026,Исполнительная документация,Комплект ИД,Информационный,Статья базы знаний,Проверка исполнительной документации,2,3,3 — расширение,/baza-znanii/podgotovka-ispolnitelnoi-dokumentacii-v-stroitelstve/,Запланировано,https://wordstat.yandex.ru/,"Wordstat, Россия, все устройства"
206,гарантийное удержание в кс,143,Да,гарантийное удержание,19.06.2026 – 18.07.2026,Удержания,Гарантийное удержание,Информационный,Статья базы знаний,Диагностика объекта,2,3,3 — расширение,/baza-znanii/garantiinoe-uderzhanie-v-ks/,Запланировано,https://wordstat.yandex.ru/,"Wordstat, Россия, все устройства"
207,ведение исполнительной документации по объекту строительства,142,Да,исполнительная документация строительство,19.06.2026 – 18.07.2026,Исполнительная документация,Комплект ИД,Информационный,Статья базы знаний,Проверка исполнительной документации,2,3,3 — расширение,/baza-znanii/vedenie-ispolnitelnoi-dokumentacii-po-obektu-stroitelstva/,Запланировано,https://wordstat.yandex.ru/,"Wordstat, Россия, все устройства"
208,программа для исполнительной документации в строительстве,141,Да,исполнительная документация строительство,19.06.2026 – 18.07.2026,Исполнительная документация,Комплект ИД,Информационный,Статья базы знаний,Проверка исполнительной документации,2,3,3 — расширение,/baza-znanii/programma-dlya-ispolnitelnoi-dokumentacii-v-stroitelstve/,Запланировано,https://wordstat.yandex.ru/,"Wordstat, Россия, все устройства"
209,исполнительная документация в строительстве пример,140,Да,исполнительная документация строительство,19.06.2026 – 18.07.2026,Исполнительная документация,Комплект ИД,Шаблон / лид-магнит,Лид-магнит / шаблон,Проверка исполнительной документации,3,3,3 — расширение,/materialy/ispolnitelnaya-dokumentaciya-v-stroitelstve-primer/,Запланировано,https://wordstat.yandex.ru/,"Wordstat, Россия, все устройства"
210,договор с ип субподряд,140,Да,договор субподряда,19.06.2026 – 18.07.2026,Договоры,Договор субподряда,Информационный,Статья базы знаний,Проверка договора подряда,2,3,3 — расширение,/baza-znanii/dogovor-s-ip-subpodryad/,Запланировано,https://wordstat.yandex.ru/,"Wordstat, Россия, все устройства"
211,договор строительного субподряда образец скачать,140,Да,договор субподряда,19.06.2026 – 18.07.2026,Договоры,Договор субподряда,Шаблон / лид-магнит,Лид-магнит / шаблон,Проверка договора подряда,3,3,3 — расширение,/materialy/dogovor-stroitelnogo-subpodryada-obrazec-skachat/,Запланировано,https://wordstat.yandex.ru/,"Wordstat, Россия, все устройства"
212,формы исполнительной документации в строительстве,138,Да,исполнительная документация строительство,19.06.2026 – 18.07.2026,Исполнительная документация,Комплект ИД,Информационный,Статья базы знаний,Проверка исполнительной документации,2,3,3 — расширение,/baza-znanii/formy-ispolnitelnoi-dokumentacii-v-stroitelstve/,Запланировано,https://wordstat.yandex.ru/,"Wordstat, Россия, все устройства"
213,исполнительная документация в строительстве 2023,137,Да,исполнительная документация строительство,19.06.2026 – 18.07.2026,Исполнительная документация,Комплект ИД,Информационный,Статья базы знаний,Проверка исполнительной документации,2,3,3 — расширение,/baza-znanii/ispolnitelnaya-dokumentaciya-v-stroitelstve-2023/,Запланировано,https://wordstat.yandex.ru/,"Wordstat, Россия, все устройства"
214,виды исполнительной документации в строительстве,137,Да,исполнительная документация строительство,19.06.2026 – 18.07.2026,Исполнительная документация,Комплект ИД,Информационный,Статья базы знаний,Проверка исполнительной документации,2,3,3 — расширение,/baza-znanii/vidy-ispolnitelnoi-dokumentacii-v-stroitelstve/,Запланировано,https://wordstat.yandex.ru/,"Wordstat, Россия, все устройства"
215,гарантийное удержание по договору подряда что это,137,Да,гарантийное удержание,19.06.2026 – 18.07.2026,Удержания,Гарантийное удержание,Информационный,Статья базы знаний,Диагностика объекта,2,3,3 — расширение,/baza-znanii/garantiinoe-uderzhanie-po-dogovoru-podryada-chto-eto/,Запланировано,https://wordstat.yandex.ru/,"Wordstat, Россия, все устройства"
216,договор подряда и субподряда,137,Да,договор субподряда,19.06.2026 – 18.07.2026,Договоры,Договор субподряда,Информационный,Статья базы знаний,Проверка договора подряда,2,3,3 — расширение,/baza-znanii/dogovor-podryada-i-subpodryada/,Запланировано,https://wordstat.yandex.ru/,"Wordstat, Россия, все устройства"
217,исполнительная документация в строительстве минстрой,136,Да,исполнительная документация строительство,19.06.2026 – 18.07.2026,Исполнительная документация,Комплект ИД,Информационный,Статья базы знаний,Проверка исполнительной документации,2,3,3 — расширение,/baza-znanii/ispolnitelnaya-dokumentaciya-v-stroitelstve-minstroi/,Запланировано,https://wordstat.yandex.ru/,"Wordstat, Россия, все устройства"
218,исполнительная документация законченного строительства,136,Да,исполнительная документация строительство,19.06.2026 – 18.07.2026,Исполнительная документация,Комплект ИД,Информационный,Статья базы знаний,Проверка исполнительной документации,2,3,3 — расширение,/baza-znanii/ispolnitelnaya-dokumentaciya-zakonchennogo-stroitelstva/,Запланировано,https://wordstat.yandex.ru/,"Wordstat, Россия, все устройства"
219,гарантийное удержание 5,134,Да,гарантийное удержание,19.06.2026 – 18.07.2026,Удержания,Гарантийное удержание,Информационный,Статья базы знаний,Диагностика объекта,2,3,3 — расширение,/baza-znanii/garantiinoe-uderzhanie-5/,Запланировано,https://wordstat.yandex.ru/,"Wordstat, Россия, все устройства"
220,выплата гарантийных удержаний,131,Да,гарантийное удержание,19.06.2026 – 18.07.2026,Удержания,Гарантийное удержание,Информационный,Статья базы знаний,Диагностика объекта,2,3,3 — расширение,/baza-znanii/vyplata-garantiinyh-uderzhanii/,Запланировано,https://wordstat.yandex.ru/,"Wordstat, Россия, все устройства"
221,электронная исполнительная документация в строительстве,130,Да,исполнительная документация строительство,19.06.2026 – 18.07.2026,Исполнительная документация,Комплект ИД,Информационный,Статья базы знаний,Проверка исполнительной документации,2,3,3 — расширение,/baza-znanii/elektronnaya-ispolnitelnaya-dokumentaciya-v-stroitelstve/,Запланировано,https://wordstat.yandex.ru/,"Wordstat, Россия, все устройства"
222,аорпи расшифровка в исполнительной документации в строительстве,128,Да,исполнительная документация строительство,19.06.2026 – 18.07.2026,Исполнительная документация,Комплект ИД,Информационный,Статья базы знаний,Проверка исполнительной документации,2,3,3 — расширение,/baza-znanii/aorpi-rasshifrovka-v-ispolnitelnoi-dokumentacii-v-stroitelstve/,Запланировано,https://wordstat.yandex.ru/,"Wordstat, Россия, все устройства"
223,исполнительная документация строительство правила,126,Да,исполнительная документация строительство,19.06.2026 – 18.07.2026,Исполнительная документация,Комплект ИД,Информационный,Статья базы знаний,Проверка исполнительной документации,2,3,3 — расширение,/baza-znanii/ispolnitelnaya-dokumentaciya-stroitelstvo-pravila/,Запланировано,https://wordstat.yandex.ru/,"Wordstat, Россия, все устройства"
224,зачет гарантийного удержания,126,Да,гарантийное удержание,19.06.2026 – 18.07.2026,Удержания,Гарантийное удержание,Информационный,Статья базы знаний,Диагностика объекта,2,3,3 — расширение,/baza-znanii/zachet-garantiinogo-uderzhaniya/,Запланировано,https://wordstat.yandex.ru/,"Wordstat, Россия, все устройства"
225,в соответствии с договором субподряда,126,Да,договор субподряда,19.06.2026 – 18.07.2026,Договоры,Договор субподряда,Информационный,Статья базы знаний,Проверка договора подряда,2,3,3 — расширение,/baza-znanii/v-sootvetstvii-s-dogovorom-subpodryada/,Запланировано,https://wordstat.yandex.ru/,"Wordstat, Россия, все устройства"
226,договор субподряда рф,125,Да,договор субподряда,19.06.2026 – 18.07.2026,Договоры,Договор субподряда,Информационный,Статья базы знаний,Проверка договора подряда,2,3,3 — расширение,/baza-znanii/dogovor-subpodryada-rf/,Запланировано,https://wordstat.yandex.ru/,"Wordstat, Россия, все устройства"
227,расторжение договора субподряда,123,Да,договор субподряда,19.06.2026 – 18.07.2026,Договоры,Договор субподряда,Информационный,Статья базы знаний,Проверка договора подряда,2,3,3 — расширение,/baza-znanii/rastorzhenie-dogovora-subpodryada/,Запланировано,https://wordstat.yandex.ru/,"Wordstat, Россия, все устройства"
228,гост исполнительная геодезическая документация в строительстве,122,Да,исполнительная документация строительство,19.06.2026 – 18.07.2026,Исполнительная документация,Комплект ИД,Информационный,Статья базы знаний,Проверка исполнительной документации,2,3,3 — расширение,/baza-znanii/gost-ispolnitelnaya-geodezicheskaya-dokumentaciya-v-stroitelstve/,Запланировано,https://wordstat.yandex.ru/,"Wordstat, Россия, все устройства"
229,удержание гарантийных обязательств,121,Да,гарантийное удержание,19.06.2026 – 18.07.2026,Удержания,Гарантийное удержание,Информационный,Статья базы знаний,Диагностика объекта,2,3,3 — расширение,/baza-znanii/uderzhanie-garantiinyh-obyazatelstv/,Запланировано,https://wordstat.yandex.ru/,"Wordstat, Россия, все устройства"
230,исполнительная документация в строительстве акты работ,120,Да,исполнительная документация строительство,19.06.2026 – 18.07.2026,Исполнительная документация,Комплект ИД,Информационный,Статья базы знаний,Проверка исполнительной документации,2,3,3 — расширение,/baza-znanii/ispolnitelnaya-dokumentaciya-v-stroitelstve-akty-rabot/,Запланировано,https://wordstat.yandex.ru/,"Wordstat, Россия, все устройства"
231,договор субподряда по 44 фз,120,Да,договор субподряда,19.06.2026 – 18.07.2026,Договоры,Договор субподряда,Информационный,Статья базы знаний,Проверка договора подряда,2,3,3 — расширение,/baza-znanii/dogovor-subpodryada-po-44-fz/,Запланировано,https://wordstat.yandex.ru/,"Wordstat, Россия, все устройства"
232,гарантийные удержания по договору строительного,118,Да,гарантийное удержание,19.06.2026 – 18.07.2026,Удержания,Гарантийное удержание,Информационный,Статья базы знаний,Диагностика объекта,2,3,3 — расширение,/baza-znanii/garantiinye-uderzhaniya-po-dogovoru-stroitelnogo/,Запланировано,https://wordstat.yandex.ru/,"Wordstat, Россия, все устройства"
233,акт на дополнительные работы в строительстве образец,117,Да,дополнительные работы в строительстве,19.06.2026 – 18.07.2026,Допработы,Согласование изменений,Шаблон / лид-магнит,Лид-магнит / шаблон,Пакет «Допработы без потерь»,3,3,3 — расширение,/materialy/akt-na-dopolnitelnye-raboty-v-stroitelstve-obrazec/,Запланировано,https://wordstat.yandex.ru/,"Wordstat, Россия, все устройства"
234,договор субподряда между ооо,115,Да,договор субподряда,19.06.2026 – 18.07.2026,Договоры,Договор субподряда,Информационный,Статья базы знаний,Проверка договора подряда,2,3,3 — расширение,/baza-znanii/dogovor-subpodryada-mezhdu-ooo/,Запланировано,https://wordstat.yandex.ru/,"Wordstat, Россия, все устройства"
235,исполнительная документация в строительстве скачать,114,Да,исполнительная документация строительство,19.06.2026 – 18.07.2026,Исполнительная документация,Комплект ИД,Шаблон / лид-магнит,Лид-магнит / шаблон,Проверка исполнительной документации,3,3,3 — расширение,/materialy/ispolnitelnaya-dokumentaciya-v-stroitelstve-skachat/,Запланировано,https://wordstat.yandex.ru/,"Wordstat, Россия, все устройства"
236,без гарантийного удержания,113,Да,гарантийное удержание,19.06.2026 – 18.07.2026,Удержания,Гарантийное удержание,Информационный,Статья базы знаний,Диагностика объекта,2,3,3 — расширение,/baza-znanii/bez-garantiinogo-uderzhaniya/,Запланировано,https://wordstat.yandex.ru/,"Wordstat, Россия, все устройства"
237,договор субподряда с подрядчиком,113,Да,договор субподряда,19.06.2026 – 18.07.2026,Договоры,Договор субподряда,Информационный,Статья базы знаний,Проверка договора подряда,2,3,3 — расширение,/baza-znanii/dogovor-subpodryada-s-podryadchikom/,Запланировано,https://wordstat.yandex.ru/,"Wordstat, Россия, все устройства"
238,договор субподряда аванс,112,Да,договор субподряда,19.06.2026 – 18.07.2026,Договоры,Договор субподряда,Информационный,Статья базы знаний,Проверка договора подряда,2,3,3 — расширение,/baza-znanii/dogovor-subpodryada-avans/,Запланировано,https://wordstat.yandex.ru/,"Wordstat, Россия, все устройства"
239,хранение исполнительная документация в строительстве,111,Да,исполнительная документация строительство,19.06.2026 – 18.07.2026,Исполнительная документация,Комплект ИД,Информационный,Статья базы знаний,Проверка исполнительной документации,2,3,3 — расширение,/baza-znanii/hranenie-ispolnitelnaya-dokumentaciya-v-stroitelstve/,Запланировано,https://wordstat.yandex.ru/,"Wordstat, Россия, все устройства"
240,исполнительная документация в строительстве приказ минстроя,110,Да,исполнительная документация строительство,19.06.2026 – 18.07.2026,Исполнительная документация,Комплект ИД,Информационный,Статья базы знаний,Проверка исполнительной документации,2,3,3 — расширение,/baza-znanii/ispolnitelnaya-dokumentaciya-v-stroitelstve-prikaz-minstroya/,Запланировано,https://wordstat.yandex.ru/,"Wordstat, Россия, все устройства"
241,договор субподряда ндс,109,Да,договор субподряда,19.06.2026 – 18.07.2026,Договоры,Договор субподряда,Информационный,Статья базы знаний,Проверка договора подряда,2,3,3 — расширение,/baza-znanii/dogovor-subpodryada-nds/,Запланировано,https://wordstat.yandex.ru/,"Wordstat, Россия, все устройства"
242,договор субподряда требования,107,Да,договор субподряда,19.06.2026 – 18.07.2026,Договоры,Договор субподряда,Информационный,Статья базы знаний,Проверка договора подряда,2,3,3 — расширение,/baza-znanii/dogovor-subpodryada-trebovaniya/,Запланировано,https://wordstat.yandex.ru/,"Wordstat, Россия, все устройства"
243,гарантийные удержания по договору строительного подряда,105,Да,гарантийное удержание,19.06.2026 – 18.07.2026,Удержания,Гарантийное удержание,Информационный,Статья базы знаний,Диагностика объекта,2,3,3 — расширение,/baza-znanii/garantiinye-uderzhaniya-po-dogovoru-stroitelnogo-podryada/,Запланировано,https://wordstat.yandex.ru/,"Wordstat, Россия, все устройства"
244,договор субподряда 2025,105,Да,договор субподряда,19.06.2026 – 18.07.2026,Договоры,Договор субподряда,Информационный,Статья базы знаний,Проверка договора подряда,2,3,3 — расширение,/baza-znanii/dogovor-subpodryada-2025/,Запланировано,https://wordstat.yandex.ru/,"Wordstat, Россия, все устройства"
245,договор субподряда образец 2026,100,Да,договор субподряда,19.06.2026 – 18.07.2026,Договоры,Договор субподряда,Шаблон / лид-магнит,Лид-магнит / шаблон,Проверка договора подряда,3,3,3 — расширение,/materialy/dogovor-subpodryada-obrazec-2026/,Запланировано,https://wordstat.yandex.ru/,"Wordstat, Россия, все устройства"
246,стороны в договоре субподряда,98,Да,договор субподряда,19.06.2026 – 18.07.2026,Договоры,Договор субподряда,Информационный,Статья базы знаний,Проверка договора подряда,2,3,3 — расширение,/baza-znanii/storony-v-dogovore-subpodryada/,Запланировано,https://wordstat.yandex.ru/,"Wordstat, Россия, все устройства"
247,дополнительные работы и затраты в строительстве,97,Да,дополнительные работы в строительстве,19.06.2026 – 18.07.2026,Допработы,Согласование изменений,Информационный,Статья базы знаний,Пакет «Допработы без потерь»,2,3,3 — расширение,/baza-znanii/dopolnitelnye-raboty-i-zatraty-v-stroitelstve/,Запланировано,https://wordstat.yandex.ru/,"Wordstat, Россия, все устройства"
248,процент гарантийного удержания,97,Да,гарантийное удержание,19.06.2026 – 18.07.2026,Удержания,Гарантийное удержание,Информационный,Статья базы знаний,Диагностика объекта,2,3,3 — расширение,/baza-znanii/procent-garantiinogo-uderzhaniya/,Запланировано,https://wordstat.yandex.ru/,"Wordstat, Россия, все устройства"
249,договор субподряда по контракту,94,Да,договор субподряда,19.06.2026 – 18.07.2026,Договоры,Договор субподряда,Информационный,Статья базы знаний,Проверка договора подряда,2,3,3 — расширение,/baza-znanii/dogovor-subpodryada-po-kontraktu/,Запланировано,https://wordstat.yandex.ru/,"Wordstat, Россия, все устройства"
250,гарантийное удержание в кс 3,93,Да,гарантийное удержание,19.06.2026 – 18.07.2026,Удержания,Гарантийное удержание,Информационный,Статья базы знаний,Диагностика объекта,2,3,3 — расширение,/baza-znanii/garantiinoe-uderzhanie-v-ks-3/,Запланировано,https://wordstat.yandex.ru/,"Wordstat, Россия, все устройства"
251,договор субподряда гк,93,Да,договор субподряда,19.06.2026 – 18.07.2026,Договоры,Договор субподряда,Информационный,Статья базы знаний,Проверка договора подряда,2,3,3 — расширение,/baza-znanii/dogovor-subpodryada-gk/,Запланировано,https://wordstat.yandex.ru/,"Wordstat, Россия, все устройства"
252,дополнительные объемы работ в строительстве,82,Да,дополнительные работы в строительстве,19.06.2026 – 18.07.2026,Допработы,Согласование изменений,Информационный,Статья базы знаний,Пакет «Допработы без потерь»,2,3,3 — расширение,/baza-znanii/dopolnitelnye-obemy-rabot-v-stroitelstve/,Запланировано,https://wordstat.yandex.ru/,"Wordstat, Россия, все устройства"
253,гарантийное удержание облагается ндс,76,Да,гарантийное удержание,19.06.2026 – 18.07.2026,Удержания,Гарантийное удержание,Информационный,Статья базы знаний,Диагностика объекта,2,3,3 — расширение,/baza-znanii/garantiinoe-uderzhanie-oblagaetsya-nds/,Запланировано,https://wordstat.yandex.ru/,"Wordstat, Россия, все устройства"
254,гарантийное удержание банковская гарантия,71,Да,гарантийное удержание,19.06.2026 – 18.07.2026,Удержания,Гарантийное удержание,Информационный,Статья базы знаний,Диагностика объекта,2,3,3 — расширение,/baza-znanii/garantiinoe-uderzhanie-bankovskaya-garantiya/,Запланировано,https://wordstat.yandex.ru/,"Wordstat, Россия, все устройства"
255,дополнительные работы в строительстве смета,70,Да,дополнительные работы в строительстве,19.06.2026 – 18.07.2026,Допработы,Согласование изменений,Информационный,Статья базы знаний,Пакет «Допработы без потерь»,2,3,3 — расширение,/baza-znanii/dopolnitelnye-raboty-v-stroitelstve-smeta/,Запланировано,https://wordstat.yandex.ru/,"Wordstat, Россия, все устройства"
256,условия гарантийного удержания,68,Да,гарантийное удержание,19.06.2026 – 18.07.2026,Удержания,Гарантийное удержание,Информационный,Статья базы знаний,Диагностика объекта,2,3,3 — расширение,/baza-znanii/usloviya-garantiinogo-uderzhaniya/,Запланировано,https://wordstat.yandex.ru/,"Wordstat, Россия, все устройства"
257,возврат гарантийного удержания образец,67,Да,гарантийное удержание,19.06.2026 – 18.07.2026,Удержания,Гарантийное удержание,Шаблон / лид-магнит,Лид-магнит / шаблон,Диагностика объекта,3,3,3 — расширение,/materialy/vozvrat-garantiinogo-uderzhaniya-obrazec/,Запланировано,https://wordstat.yandex.ru/,"Wordstat, Россия, все устройства"
258,гарантийные удержания с аванса,65,Да,гарантийное удержание,19.06.2026 – 18.07.2026,Удержания,Гарантийное удержание,Информационный,Статья базы знаний,Диагностика объекта,2,3,3 — расширение,/baza-znanii/garantiinye-uderzhaniya-s-avansa/,Запланировано,https://wordstat.yandex.ru/,"Wordstat, Россия, все устройства"
259,документация по дополнительным работам в строительстве,63,Да,дополнительные работы в строительстве,19.06.2026 – 18.07.2026,Допработы,Согласование изменений,Информационный,Статья базы знаний,Пакет «Допработы без потерь»,2,3,3 — расширение,/baza-znanii/dokumentaciya-po-dopolnitelnym-rabotam-v-stroitelstve/,Запланировано,https://wordstat.yandex.ru/,"Wordstat, Россия, все устройства"
260,размер гарантийного удержания,61,Да,гарантийное удержание,19.06.2026 – 18.07.2026,Удержания,Гарантийное удержание,Информационный,Статья базы знаний,Диагностика объекта,2,3,3 — расширение,/baza-znanii/razmer-garantiinogo-uderzhaniya/,Запланировано,https://wordstat.yandex.ru/,"Wordstat, Россия, все устройства"
261,гарантийное удержание пример,57,Да,гарантийное удержание,19.06.2026 – 18.07.2026,Удержания,Гарантийное удержание,Шаблон / лид-магнит,Лид-магнит / шаблон,Диагностика объекта,3,3,3 — расширение,/materialy/garantiinoe-uderzhanie-primer/,Запланировано,https://wordstat.yandex.ru/,"Wordstat, Россия, все устройства"
262,закупки дополнительных работ в строительстве,52,Да,дополнительные работы в строительстве,19.06.2026 – 18.07.2026,Допработы,Согласование изменений,Информационный,Статья базы знаний,Пакет «Допработы без потерь»,2,3,3 — расширение,/baza-znanii/zakupki-dopolnitelnyh-rabot-v-stroitelstve/,Запланировано,https://wordstat.yandex.ru/,"Wordstat, Россия, все устройства"
263,акт дополнительных работ в строительстве скачать,46,Да,дополнительные работы в строительстве,19.06.2026 – 18.07.2026,Допработы,Согласование изменений,Шаблон / лид-магнит,Лид-магнит / шаблон,Пакет «Допработы без потерь»,3,3,3 — расширение,/materialy/akt-dopolnitelnyh-rabot-v-stroitelstve-skachat/,Запланировано,https://wordstat.yandex.ru/,"Wordstat, Россия, все устройства"
264,акт дополнительных работ в строительстве образец скачать,44,Да,дополнительные работы в строительстве,19.06.2026 – 18.07.2026,Допработы,Согласование изменений,Шаблон / лид-магнит,Лид-магнит / шаблон,Пакет «Допработы без потерь»,3,3,3 — расширение,/materialy/akt-dopolnitelnyh-rabot-v-stroitelstve-obrazec-skachat/,Запланировано,https://wordstat.yandex.ru/,"Wordstat, Россия, все устройства"
265,порядок оформления дополнительных работ в строительстве,8,Да,дополнительные работы в строительстве,19.06.2026 – 18.07.2026,Допработы,Согласование изменений,Проблемный информационный,Статья базы знаний,Пакет «Допработы без потерь»,4,3,3 — расширение,/baza-znanii/poryadok-oformleniya-dopolnitelnyh-rabot-v-stroitelstve/,Запланировано,https://wordstat.yandex.ru/,"Wordstat, Россия, все устройства"
266,форма акта дополнительных работ в строительстве,8,Да,дополнительные работы в строительстве,19.06.2026 – 18.07.2026,Допработы,Согласование изменений,Шаблон / лид-магнит,Лид-магнит / шаблон,Пакет «Допработы без потерь»,3,3,3 — расширение,/materialy/forma-akta-dopolnitelnyh-rabot-v-stroitelstve/,Запланировано,https://wordstat.yandex.ru/,"Wordstat, Россия, все устройства"
267,письмо на дополнительные работы в строительстве образец,8,Да,дополнительные работы в строительстве,19.06.2026 – 18.07.2026,Допработы,Согласование изменений,Шаблон / лид-магнит,Лид-магнит / шаблон,Пакет «Допработы без потерь»,3,3,3 — расширение,/materialy/pismo-na-dopolnitelnye-raboty-v-stroitelstve-obrazec/,Запланировано,https://wordstat.yandex.ru/,"Wordstat, Россия, все устройства"
268,как оформляются дополнительные работы в строительстве,5,Да,дополнительные работы в строительстве,19.06.2026 – 18.07.2026,Допработы,Согласование изменений,Проблемный информационный,Статья базы знаний,Пакет «Допработы без потерь»,4,3,3 — расширение,/baza-znanii/kak-oformlyayutsya-dopolnitelnye-raboty-v-stroitelstve/,Запланировано,https://wordstat.yandex.ru/,"Wordstat, Россия, все устройства"
269,договор подряда — порядок оформления,,Нет,Договор подряда,Требует проверки,Договоры,Договор подряда,Проблемный информационный,Статья базы знаний,Проверка договора подряда,4,3,3 — расширение,/baza-znanii/dogovor-podryada-poryadok-oformleniya/,Запланировано,https://wordstat.yandex.ru/,Плановый long-tail; частотность не присваивалась
270,договор подряда — проверка перед подписанием,,Нет,Договор подряда,Требует проверки,Договоры,Договор подряда,Коммерческое исследование,Коммерческая страница,Проверка договора подряда,5,3,3 — расширение,/proverki/dogovor-podryada-proverka-pered-podpisaniem/,Запланировано,https://wordstat.yandex.ru/,Плановый long-tail; частотность не присваивалась
271,договор подряда — типовые ошибки,,Нет,Договор подряда,Требует проверки,Договоры,Договор подряда,Проблемный информационный,Статья базы знаний,Проверка договора подряда,4,3,3 — расширение,/baza-znanii/dogovor-podryada-tipovye-oshibki/,Запланировано,https://wordstat.yandex.ru/,Плановый long-tail; частотность не присваивалась
272,договор подряда — что делать подрядчику,,Нет,Договор подряда,Требует проверки,Договоры,Договор подряда,Проблемный информационный,Статья базы знаний,Проверка договора подряда,4,3,3 — расширение,/baza-znanii/dogovor-podryada-chto-delat-podryadchiku/,Запланировано,https://wordstat.yandex.ru/,Плановый long-tail; частотность не присваивалась
273,договор подряда — образец документа,,Нет,Договор подряда,Требует проверки,Договоры,Договор подряда,Шаблон / лид-магнит,Лид-магнит / шаблон,Проверка договора подряда,3,3,3 — расширение,/materialy/dogovor-podryada-obrazec-dokumenta/,Запланировано,https://wordstat.yandex.ru/,Плановый long-tail; частотность не присваивалась
274,договор подряда — сроки и последствия,,Нет,Договор подряда,Требует проверки,Договоры,Договор подряда,Проблемный информационный,Статья базы знаний,Проверка договора подряда,4,3,3 — расширение,/baza-znanii/dogovor-podryada-sroki-i-posledstviya/,Запланировано,https://wordstat.yandex.ru/,Плановый long-tail; частотность не присваивалась
275,договор подряда — для субподрядчика,,Нет,Договор подряда,Требует проверки,Договоры,Договор подряда,Информационный,Статья базы знаний,Проверка договора подряда,2,3,3 — расширение,/baza-znanii/dogovor-podryada-dlya-subpodryadchika/,Запланировано,https://wordstat.yandex.ru/,Плановый long-tail; частотность не присваивалась
276,договор подряда — для генподрядчика,,Нет,Договор подряда,Требует проверки,Договоры,Договор подряда,Информационный,Статья базы знаний,Проверка договора подряда,2,3,3 — расширение,/baza-znanii/dogovor-podryada-dlya-genpodryadchika/,Запланировано,https://wordstat.yandex.ru/,Плановый long-tail; частотность не присваивалась
277,договор подряда — пошаговый алгоритм,,Нет,Договор подряда,Требует проверки,Договоры,Договор подряда,Информационный,Статья базы знаний,Проверка договора подряда,2,3,3 — расширение,/baza-znanii/dogovor-podryada-poshagovyi-algoritm/,Запланировано,https://wordstat.yandex.ru/,Плановый long-tail; частотность не присваивалась
278,договор подряда — судебная практика,,Нет,Договор подряда,Требует проверки,Договоры,Договор подряда,Информационный,Статья базы знаний,Проверка договора подряда,2,3,3 — расширение,/baza-znanii/dogovor-podryada-sudebnaya-praktika/,Запланировано,https://wordstat.yandex.ru/,Плановый long-tail; частотность не присваивалась
279,договор генподряда — порядок оформления,,Нет,Договор генподряда,Требует проверки,Договоры,Договор генподряда,Проблемный информационный,Статья базы знаний,Проверка договора подряда,4,3,3 — расширение,/baza-znanii/dogovor-genpodryada-poryadok-oformleniya/,Запланировано,https://wordstat.yandex.ru/,Плановый long-tail; частотность не присваивалась
280,договор генподряда — проверка перед подписанием,,Нет,Договор генподряда,Требует проверки,Договоры,Договор генподряда,Коммерческое исследование,Коммерческая страница,Проверка договора подряда,5,3,3 — расширение,/proverki/dogovor-genpodryada-proverka-pered-podpisaniem/,Запланировано,https://wordstat.yandex.ru/,Плановый long-tail; частотность не присваивалась
281,договор генподряда — типовые ошибки,,Нет,Договор генподряда,Требует проверки,Договоры,Договор генподряда,Проблемный информационный,Статья базы знаний,Проверка договора подряда,4,3,3 — расширение,/baza-znanii/dogovor-genpodryada-tipovye-oshibki/,Запланировано,https://wordstat.yandex.ru/,Плановый long-tail; частотность не присваивалась
282,договор генподряда — что делать подрядчику,,Нет,Договор генподряда,Требует проверки,Договоры,Договор генподряда,Проблемный информационный,Статья базы знаний,Проверка договора подряда,4,3,3 — расширение,/baza-znanii/dogovor-genpodryada-chto-delat-podryadchiku/,Запланировано,https://wordstat.yandex.ru/,Плановый long-tail; частотность не присваивалась
283,договор генподряда — образец документа,,Нет,Договор генподряда,Требует проверки,Договоры,Договор генподряда,Шаблон / лид-магнит,Лид-магнит / шаблон,Проверка договора подряда,3,3,3 — расширение,/materialy/dogovor-genpodryada-obrazec-dokumenta/,Запланировано,https://wordstat.yandex.ru/,Плановый long-tail; частотность не присваивалась
284,договор генподряда — сроки и последствия,,Нет,Договор генподряда,Требует проверки,Договоры,Договор генподряда,Проблемный информационный,Статья базы знаний,Проверка договора подряда,4,3,3 — расширение,/baza-znanii/dogovor-genpodryada-sroki-i-posledstviya/,Запланировано,https://wordstat.yandex.ru/,Плановый long-tail; частотность не присваивалась
285,договор генподряда — для субподрядчика,,Нет,Договор генподряда,Требует проверки,Договоры,Договор генподряда,Информационный,Статья базы знаний,Проверка договора подряда,2,3,3 — расширение,/baza-znanii/dogovor-genpodryada-dlya-subpodryadchika/,Запланировано,https://wordstat.yandex.ru/,Плановый long-tail; частотность не присваивалась
286,договор генподряда — для генподрядчика,,Нет,Договор генподряда,Требует проверки,Договоры,Договор генподряда,Информационный,Статья базы знаний,Проверка договора подряда,2,3,3 — расширение,/baza-znanii/dogovor-genpodryada-dlya-genpodryadchika/,Запланировано,https://wordstat.yandex.ru/,Плановый long-tail; частотность не присваивалась
287,договор генподряда — пошаговый алгоритм,,Нет,Договор генподряда,Требует проверки,Договоры,Договор генподряда,Информационный,Статья базы знаний,Проверка договора подряда,2,3,3 — расширение,/baza-znanii/dogovor-genpodryada-poshagovyi-algoritm/,Запланировано,https://wordstat.yandex.ru/,Плановый long-tail; частотность не присваивалась
288,договор генподряда — судебная практика,,Нет,Договор генподряда,Требует проверки,Договоры,Договор генподряда,Информационный,Статья базы знаний,Проверка договора подряда,2,3,3 — расширение,/baza-znanii/dogovor-genpodryada-sudebnaya-praktika/,Запланировано,https://wordstat.yandex.ru/,Плановый long-tail; частотность не присваивалась
289,договор субподряда — порядок оформления,,Нет,Договор субподряда,Требует проверки,Договоры,Договор субподряда,Проблемный информационный,Статья базы знаний,Проверка договора подряда,4,3,3 — расширение,/baza-znanii/dogovor-subpodryada-poryadok-oformleniya/,Запланировано,https://wordstat.yandex.ru/,Плановый long-tail; частотность не присваивалась
290,договор субподряда — проверка перед подписанием,,Нет,Договор субподряда,Требует проверки,Договоры,Договор субподряда,Коммерческое исследование,Коммерческая страница,Проверка договора подряда,5,3,3 — расширение,/proverki/dogovor-subpodryada-proverka-pered-podpisaniem/,Запланировано,https://wordstat.yandex.ru/,Плановый long-tail; частотность не присваивалась
291,договор субподряда — типовые ошибки,,Нет,Договор субподряда,Требует проверки,Договоры,Договор субподряда,Проблемный информационный,Статья базы знаний,Проверка договора подряда,4,3,3 — расширение,/baza-znanii/dogovor-subpodryada-tipovye-oshibki/,Запланировано,https://wordstat.yandex.ru/,Плановый long-tail; частотность не присваивалась
292,договор субподряда — что делать подрядчику,,Нет,Договор субподряда,Требует проверки,Договоры,Договор субподряда,Проблемный информационный,Статья базы знаний,Проверка договора подряда,4,3,3 — расширение,/baza-znanii/dogovor-subpodryada-chto-delat-podryadchiku/,Запланировано,https://wordstat.yandex.ru/,Плановый long-tail; частотность не присваивалась
293,договор субподряда — образец документа,,Нет,Договор субподряда,Требует проверки,Договоры,Договор субподряда,Шаблон / лид-магнит,Лид-магнит / шаблон,Проверка договора подряда,3,3,3 — расширение,/materialy/dogovor-subpodryada-obrazec-dokumenta/,Запланировано,https://wordstat.yandex.ru/,Плановый long-tail; частотность не присваивалась
294,договор субподряда — сроки и последствия,,Нет,Договор субподряда,Требует проверки,Договоры,Договор субподряда,Проблемный информационный,Статья базы знаний,Проверка договора подряда,4,3,3 — расширение,/baza-znanii/dogovor-subpodryada-sroki-i-posledstviya/,Запланировано,https://wordstat.yandex.ru/,Плановый long-tail; частотность не присваивалась
295,договор субподряда — для субподрядчика,,Нет,Договор субподряда,Требует проверки,Договоры,Договор субподряда,Информационный,Статья базы знаний,Проверка договора подряда,2,3,3 — расширение,/baza-znanii/dogovor-subpodryada-dlya-subpodryadchika/,Запланировано,https://wordstat.yandex.ru/,Плановый long-tail; частотность не присваивалась
296,договор субподряда — для генподрядчика,,Нет,Договор субподряда,Требует проверки,Договоры,Договор субподряда,Информационный,Статья базы знаний,Проверка договора подряда,2,3,3 — расширение,/baza-znanii/dogovor-subpodryada-dlya-genpodryadchika/,Запланировано,https://wordstat.yandex.ru/,Плановый long-tail; частотность не присваивалась
297,договор субподряда — пошаговый алгоритм,,Нет,Договор субподряда,Требует проверки,Договоры,Договор субподряда,Информационный,Статья базы знаний,Проверка договора подряда,2,3,3 — расширение,/baza-znanii/dogovor-subpodryada-poshagovyi-algoritm/,Запланировано,https://wordstat.yandex.ru/,Плановый long-tail; частотность не присваивалась
298,договор субподряда — судебная практика,,Нет,Договор субподряда,Требует проверки,Договоры,Договор субподряда,Информационный,Статья базы знаний,Проверка договора подряда,2,3,3 — расширение,/baza-znanii/dogovor-subpodryada-sudebnaya-praktika/,Запланировано,https://wordstat.yandex.ru/,Плановый long-tail; частотность не присваивалась
299,опасные условия договора — порядок оформления,,Нет,Опасные условия договора,Требует проверки,Договоры,Опасные условия договора,Проблемный информационный,Статья базы знаний,Проверка договора подряда,4,3,3 — расширение,/baza-znanii/opasnye-usloviya-dogovora-poryadok-oformleniya/,Запланировано,https://wordstat.yandex.ru/,Плановый long-tail; частотность не присваивалась
300,опасные условия договора — проверка перед подписанием,,Нет,Опасные условия договора,Требует проверки,Договоры,Опасные условия договора,Коммерческое исследование,Коммерческая страница,Проверка договора подряда,5,3,3 — расширение,/proverki/opasnye-usloviya-dogovora-proverka-pered-podpisaniem/,Запланировано,https://wordstat.yandex.ru/,Плановый long-tail; частотность не присваивалась
301,опасные условия договора — типовые ошибки,,Нет,Опасные условия договора,Требует проверки,Договоры,Опасные условия договора,Проблемный информационный,Статья базы знаний,Проверка договора подряда,4,3,3 — расширение,/baza-znanii/opasnye-usloviya-dogovora-tipovye-oshibki/,Запланировано,https://wordstat.yandex.ru/,Плановый long-tail; частотность не присваивалась
302,опасные условия договора — что делать подрядчику,,Нет,Опасные условия договора,Требует проверки,Договоры,Опасные условия договора,Проблемный информационный,Статья базы знаний,Проверка договора подряда,4,3,3 — расширение,/baza-znanii/opasnye-usloviya-dogovora-chto-delat-podryadchiku/,Запланировано,https://wordstat.yandex.ru/,Плановый long-tail; частотность не присваивалась
303,опасные условия договора — образец документа,,Нет,Опасные условия договора,Требует проверки,Договоры,Опасные условия договора,Шаблон / лид-магнит,Лид-магнит / шаблон,Проверка договора подряда,3,3,3 — расширение,/materialy/opasnye-usloviya-dogovora-obrazec-dokumenta/,Запланировано,https://wordstat.yandex.ru/,Плановый long-tail; частотность не присваивалась
304,опасные условия договора — сроки и последствия,,Нет,Опасные условия договора,Требует проверки,Договоры,Опасные условия договора,Проблемный информационный,Статья базы знаний,Проверка договора подряда,4,3,3 — расширение,/baza-znanii/opasnye-usloviya-dogovora-sroki-i-posledstviya/,Запланировано,https://wordstat.yandex.ru/,Плановый long-tail; частотность не присваивалась
305,опасные условия договора — для субподрядчика,,Нет,Опасные условия договора,Требует проверки,Договоры,Опасные условия договора,Информационный,Статья базы знаний,Проверка договора подряда,2,3,3 — расширение,/baza-znanii/opasnye-usloviya-dogovora-dlya-subpodryadchika/,Запланировано,https://wordstat.yandex.ru/,Плановый long-tail; частотность не присваивалась
306,опасные условия договора — для генподрядчика,,Нет,Опасные условия договора,Требует проверки,Договоры,Опасные условия договора,Информационный,Статья базы знаний,Проверка договора подряда,2,3,3 — расширение,/baza-znanii/opasnye-usloviya-dogovora-dlya-genpodryadchika/,Запланировано,https://wordstat.yandex.ru/,Плановый long-tail; частотность не присваивалась
307,опасные условия договора — пошаговый алгоритм,,Нет,Опасные условия договора,Требует проверки,Договоры,Опасные условия договора,Информационный,Статья базы знаний,Проверка договора подряда,2,3,3 — расширение,/baza-znanii/opasnye-usloviya-dogovora-poshagovyi-algoritm/,Запланировано,https://wordstat.yandex.ru/,Плановый long-tail; частотность не присваивалась
308,опасные условия договора — судебная практика,,Нет,Опасные условия договора,Требует проверки,Договоры,Опасные условия договора,Информационный,Статья базы знаний,Проверка договора подряда,2,3,3 — расширение,/baza-znanii/opasnye-usloviya-dogovora-sudebnaya-praktika/,Запланировано,https://wordstat.yandex.ru/,Плановый long-tail; частотность не присваивалась
309,протокол разногласий — порядок оформления,,Нет,Протокол разногласий,Требует проверки,Договоры,Протокол разногласий,Проблемный информационный,Статья базы знаний,Проверка договора подряда,4,3,3 — расширение,/baza-znanii/protokol-raznoglasii-poryadok-oformleniya/,Запланировано,https://wordstat.yandex.ru/,Плановый long-tail; частотность не присваивалась
310,протокол разногласий — проверка перед подписанием,,Нет,Протокол разногласий,Требует проверки,Договоры,Протокол разногласий,Коммерческое исследование,Коммерческая страница,Проверка договора подряда,5,3,3 — расширение,/proverki/protokol-raznoglasii-proverka-pered-podpisaniem/,Запланировано,https://wordstat.yandex.ru/,Плановый long-tail; частотность не присваивалась
311,протокол разногласий — типовые ошибки,,Нет,Протокол разногласий,Требует проверки,Договоры,Протокол разногласий,Проблемный информационный,Статья базы знаний,Проверка договора подряда,4,3,3 — расширение,/baza-znanii/protokol-raznoglasii-tipovye-oshibki/,Запланировано,https://wordstat.yandex.ru/,Плановый long-tail; частотность не присваивалась
312,протокол разногласий — что делать подрядчику,,Нет,Протокол разногласий,Требует проверки,Договоры,Протокол разногласий,Проблемный информационный,Статья базы знаний,Проверка договора подряда,4,3,3 — расширение,/baza-znanii/protokol-raznoglasii-chto-delat-podryadchiku/,Запланировано,https://wordstat.yandex.ru/,Плановый long-tail; частотность не присваивалась
313,протокол разногласий — образец документа,,Нет,Протокол разногласий,Требует проверки,Договоры,Протокол разногласий,Шаблон / лид-магнит,Лид-магнит / шаблон,Проверка договора подряда,3,3,3 — расширение,/materialy/protokol-raznoglasii-obrazec-dokumenta/,Запланировано,https://wordstat.yandex.ru/,Плановый long-tail; частотность не присваивалась
314,протокол разногласий — сроки и последствия,,Нет,Протокол разногласий,Требует проверки,Договоры,Протокол разногласий,Проблемный информационный,Статья базы знаний,Проверка договора подряда,4,3,3 — расширение,/baza-znanii/protokol-raznoglasii-sroki-i-posledstviya/,Запланировано,https://wordstat.yandex.ru/,Плановый long-tail; частотность не присваивалась
315,протокол разногласий — для субподрядчика,,Нет,Протокол разногласий,Требует проверки,Договоры,Протокол разногласий,Информационный,Статья базы знаний,Проверка договора подряда,2,3,3 — расширение,/baza-znanii/protokol-raznoglasii-dlya-subpodryadchika/,Запланировано,https://wordstat.yandex.ru/,Плановый long-tail; частотность не присваивалась
316,протокол разногласий — для генподрядчика,,Нет,Протокол разногласий,Требует проверки,Договоры,Протокол разногласий,Информационный,Статья базы знаний,Проверка договора подряда,2,3,3 — расширение,/baza-znanii/protokol-raznoglasii-dlya-genpodryadchika/,Запланировано,https://wordstat.yandex.ru/,Плановый long-tail; частотность не присваивалась
317,протокол разногласий — пошаговый алгоритм,,Нет,Протокол разногласий,Требует проверки,Договоры,Протокол разногласий,Информационный,Статья базы знаний,Проверка договора подряда,2,3,3 — расширение,/baza-znanii/protokol-raznoglasii-poshagovyi-algoritm/,Запланировано,https://wordstat.yandex.ru/,Плановый long-tail; частотность не присваивалась
318,протокол разногласий — судебная практика,,Нет,Протокол разногласий,Требует проверки,Договоры,Протокол разногласий,Информационный,Статья базы знаний,Проверка договора подряда,2,3,3 — расширение,/baza-znanii/protokol-raznoglasii-sudebnaya-praktika/,Запланировано,https://wordstat.yandex.ru/,Плановый long-tail; частотность не присваивалась
319,не оплачивают выполненные работы — порядок оформления,,Нет,Не оплачивают выполненные работы,Требует проверки,Неоплата,Не оплачивают выполненные работы,Проблемный информационный,Статья базы знаний,Диагностика объекта,4,3,3 — расширение,/baza-znanii/ne-oplachivayut-vypolnennye-raboty-poryadok-oformleniya/,Запланировано,https://wordstat.yandex.ru/,Плановый long-tail; частотность не присваивалась
320,не оплачивают выполненные работы — проверка перед подписанием,,Нет,Не оплачивают выполненные работы,Требует проверки,Неоплата,Не оплачивают выполненные работы,Коммерческое исследование,Коммерческая страница,Диагностика объекта,5,3,3 — расширение,/proverki/ne-oplachivayut-vypolnennye-raboty-proverka-pered-podpisaniem/,Запланировано,https://wordstat.yandex.ru/,Плановый long-tail; частотность не присваивалась
321,не оплачивают выполненные работы — типовые ошибки,,Нет,Не оплачивают выполненные работы,Требует проверки,Неоплата,Не оплачивают выполненные работы,Проблемный информационный,Статья базы знаний,Диагностика объекта,4,3,3 — расширение,/baza-znanii/ne-oplachivayut-vypolnennye-raboty-tipovye-oshibki/,Запланировано,https://wordstat.yandex.ru/,Плановый long-tail; частотность не присваивалась
322,не оплачивают выполненные работы — что делать подрядчику,,Нет,Не оплачивают выполненные работы,Требует проверки,Неоплата,Не оплачивают выполненные работы,Проблемный информационный,Статья базы знаний,Диагностика объекта,4,3,3 — расширение,/baza-znanii/ne-oplachivayut-vypolnennye-raboty-chto-delat-podryadchiku/,Запланировано,https://wordstat.yandex.ru/,Плановый long-tail; частотность не присваивалась
323,не оплачивают выполненные работы — образец документа,,Нет,Не оплачивают выполненные работы,Требует проверки,Неоплата,Не оплачивают выполненные работы,Шаблон / лид-магнит,Лид-магнит / шаблон,Диагностика объекта,3,3,3 — расширение,/materialy/ne-oplachivayut-vypolnennye-raboty-obrazec-dokumenta/,Запланировано,https://wordstat.yandex.ru/,Плановый long-tail; частотность не присваивалась
324,не оплачивают выполненные работы — сроки и последствия,,Нет,Не оплачивают выполненные работы,Требует проверки,Неоплата,Не оплачивают выполненные работы,Проблемный информационный,Статья базы знаний,Диагностика объекта,4,3,3 — расширение,/baza-znanii/ne-oplachivayut-vypolnennye-raboty-sroki-i-posledstviya/,Запланировано,https://wordstat.yandex.ru/,Плановый long-tail; частотность не присваивалась
325,не оплачивают выполненные работы — для субподрядчика,,Нет,Не оплачивают выполненные работы,Требует проверки,Неоплата,Не оплачивают выполненные работы,Информационный,Статья базы знаний,Диагностика объекта,2,3,3 — расширение,/baza-znanii/ne-oplachivayut-vypolnennye-raboty-dlya-subpodryadchika/,Запланировано,https://wordstat.yandex.ru/,Плановый long-tail; частотность не присваивалась
326,не оплачивают выполненные работы — для генподрядчика,,Нет,Не оплачивают выполненные работы,Требует проверки,Неоплата,Не оплачивают выполненные работы,Информационный,Статья базы знаний,Диагностика объекта,2,3,3 — расширение,/baza-znanii/ne-oplachivayut-vypolnennye-raboty-dlya-genpodryadchika/,Запланировано,https://wordstat.yandex.ru/,Плановый long-tail; частотность не присваивалась
327,не оплачивают выполненные работы — пошаговый алгоритм,,Нет,Не оплачивают выполненные работы,Требует проверки,Неоплата,Не оплачивают выполненные работы,Информационный,Статья базы знаний,Диагностика объекта,2,3,3 — расширение,/baza-znanii/ne-oplachivayut-vypolnennye-raboty-poshagovyi-algoritm/,Запланировано,https://wordstat.yandex.ru/,Плановый long-tail; частотность не присваивалась
328,не оплачивают выполненные работы — судебная практика,,Нет,Не оплачивают выполненные работы,Требует проверки,Неоплата,Не оплачивают выполненные работы,Информационный,Статья базы знаний,Диагностика объекта,2,3,3 — расширение,/baza-znanii/ne-oplachivayut-vypolnennye-raboty-sudebnaya-praktika/,Запланировано,https://wordstat.yandex.ru/,Плановый long-tail; частотность не присваивалась
329,взыскание долга подрядчика — порядок оформления,,Нет,Взыскание долга подрядчика,Требует проверки,Неоплата,Взыскание долга подрядчика,Проблемный информационный,Статья базы знаний,Диагностика объекта,4,3,3 — расширение,/baza-znanii/vzyskanie-dolga-podryadchika-poryadok-oformleniya/,Запланировано,https://wordstat.yandex.ru/,Плановый long-tail; частотность не присваивалась
330,взыскание долга подрядчика — проверка перед подписанием,,Нет,Взыскание долга подрядчика,Требует проверки,Неоплата,Взыскание долга подрядчика,Коммерческое исследование,Коммерческая страница,Диагностика объекта,5,3,3 — расширение,/proverki/vzyskanie-dolga-podryadchika-proverka-pered-podpisaniem/,Запланировано,https://wordstat.yandex.ru/,Плановый long-tail; частотность не присваивалась
331,взыскание долга подрядчика — типовые ошибки,,Нет,Взыскание долга подрядчика,Требует проверки,Неоплата,Взыскание долга подрядчика,Проблемный информационный,Статья базы знаний,Диагностика объекта,4,3,3 — расширение,/baza-znanii/vzyskanie-dolga-podryadchika-tipovye-oshibki/,Запланировано,https://wordstat.yandex.ru/,Плановый long-tail; частотность не присваивалась
332,взыскание долга подрядчика — что делать подрядчику,,Нет,Взыскание долга подрядчика,Требует проверки,Неоплата,Взыскание долга подрядчика,Проблемный информационный,Статья базы знаний,Диагностика объекта,4,3,3 — расширение,/baza-znanii/vzyskanie-dolga-podryadchika-chto-delat-podryadchiku/,Запланировано,https://wordstat.yandex.ru/,Плановый long-tail; частотность не присваивалась
333,взыскание долга подрядчика — образец документа,,Нет,Взыскание долга подрядчика,Требует проверки,Неоплата,Взыскание долга подрядчика,Шаблон / лид-магнит,Лид-магнит / шаблон,Диагностика объекта,3,3,3 — расширение,/materialy/vzyskanie-dolga-podryadchika-obrazec-dokumenta/,Запланировано,https://wordstat.yandex.ru/,Плановый long-tail; частотность не присваивалась
334,взыскание долга подрядчика — сроки и последствия,,Нет,Взыскание долга подрядчика,Требует проверки,Неоплата,Взыскание долга подрядчика,Проблемный информационный,Статья базы знаний,Диагностика объекта,4,3,3 — расширение,/baza-znanii/vzyskanie-dolga-podryadchika-sroki-i-posledstviya/,Запланировано,https://wordstat.yandex.ru/,Плановый long-tail; частотность не присваивалась
335,взыскание долга подрядчика — для субподрядчика,,Нет,Взыскание долга подрядчика,Требует проверки,Неоплата,Взыскание долга подрядчика,Проблемный информационный,Статья базы знаний,Диагностика объекта,4,3,3 — расширение,/baza-znanii/vzyskanie-dolga-podryadchika-dlya-subpodryadchika/,Запланировано,https://wordstat.yandex.ru/,Плановый long-tail; частотность не присваивалась
336,взыскание долга подрядчика — для генподрядчика,,Нет,Взыскание долга подрядчика,Требует проверки,Неоплата,Взыскание долга подрядчика,Проблемный информационный,Статья базы знаний,Диагностика объекта,4,3,3 — расширение,/baza-znanii/vzyskanie-dolga-podryadchika-dlya-genpodryadchika/,Запланировано,https://wordstat.yandex.ru/,Плановый long-tail; частотность не присваивалась
337,взыскание долга подрядчика — пошаговый алгоритм,,Нет,Взыскание долга подрядчика,Требует проверки,Неоплата,Взыскание долга подрядчика,Проблемный информационный,Статья базы знаний,Диагностика объекта,4,3,3 — расширение,/baza-znanii/vzyskanie-dolga-podryadchika-poshagovyi-algoritm/,Запланировано,https://wordstat.yandex.ru/,Плановый long-tail; частотность не присваивалась
338,взыскание долга подрядчика — судебная практика,,Нет,Взыскание долга подрядчика,Требует проверки,Неоплата,Взыскание долга подрядчика,Проблемный информационный,Статья базы знаний,Диагностика объекта,4,3,3 — расширение,/baza-znanii/vzyskanie-dolga-podryadchika-sudebnaya-praktika/,Запланировано,https://wordstat.yandex.ru/,Плановый long-tail; частотность не присваивалась
339,кассовый разрыв подрядчика — порядок оформления,,Нет,Кассовый разрыв подрядчика,Требует проверки,Неоплата,Кассовый разрыв подрядчика,Проблемный информационный,Статья базы знаний,Диагностика объекта,4,3,3 — расширение,/baza-znanii/kassovyi-razryv-podryadchika-poryadok-oformleniya/,Запланировано,https://wordstat.yandex.ru/,Плановый long-tail; частотность не присваивалась
340,кассовый разрыв подрядчика — проверка перед подписанием,,Нет,Кассовый разрыв подрядчика,Требует проверки,Неоплата,Кассовый разрыв подрядчика,Коммерческое исследование,Коммерческая страница,Диагностика объекта,5,3,3 — расширение,/proverki/kassovyi-razryv-podryadchika-proverka-pered-podpisaniem/,Запланировано,https://wordstat.yandex.ru/,Плановый long-tail; частотность не присваивалась
341,кассовый разрыв подрядчика — типовые ошибки,,Нет,Кассовый разрыв подрядчика,Требует проверки,Неоплата,Кассовый разрыв подрядчика,Проблемный информационный,Статья базы знаний,Диагностика объекта,4,3,3 — расширение,/baza-znanii/kassovyi-razryv-podryadchika-tipovye-oshibki/,Запланировано,https://wordstat.yandex.ru/,Плановый long-tail; частотность не присваивалась
342,кассовый разрыв подрядчика — что делать подрядчику,,Нет,Кассовый разрыв подрядчика,Требует проверки,Неоплата,Кассовый разрыв подрядчика,Проблемный информационный,Статья базы знаний,Диагностика объекта,4,3,3 — расширение,/baza-znanii/kassovyi-razryv-podryadchika-chto-delat-podryadchiku/,Запланировано,https://wordstat.yandex.ru/,Плановый long-tail; частотность не присваивалась
343,кассовый разрыв подрядчика — образец документа,,Нет,Кассовый разрыв подрядчика,Требует проверки,Неоплата,Кассовый разрыв подрядчика,Шаблон / лид-магнит,Лид-магнит / шаблон,Диагностика объекта,3,3,3 — расширение,/materialy/kassovyi-razryv-podryadchika-obrazec-dokumenta/,Запланировано,https://wordstat.yandex.ru/,Плановый long-tail; частотность не присваивалась
344,кассовый разрыв подрядчика — сроки и последствия,,Нет,Кассовый разрыв подрядчика,Требует проверки,Неоплата,Кассовый разрыв подрядчика,Проблемный информационный,Статья базы знаний,Диагностика объекта,4,3,3 — расширение,/baza-znanii/kassovyi-razryv-podryadchika-sroki-i-posledstviya/,Запланировано,https://wordstat.yandex.ru/,Плановый long-tail; частотность не присваивалась
345,кассовый разрыв подрядчика — для субподрядчика,,Нет,Кассовый разрыв подрядчика,Требует проверки,Неоплата,Кассовый разрыв подрядчика,Информационный,Статья базы знаний,Диагностика объекта,2,3,3 — расширение,/baza-znanii/kassovyi-razryv-podryadchika-dlya-subpodryadchika/,Запланировано,https://wordstat.yandex.ru/,Плановый long-tail; частотность не присваивалась
346,кассовый разрыв подрядчика — для генподрядчика,,Нет,Кассовый разрыв подрядчика,Требует проверки,Неоплата,Кассовый разрыв подрядчика,Информационный,Статья базы знаний,Диагностика объекта,2,3,3 — расширение,/baza-znanii/kassovyi-razryv-podryadchika-dlya-genpodryadchika/,Запланировано,https://wordstat.yandex.ru/,Плановый long-tail; частотность не присваивалась
347,кассовый разрыв подрядчика — пошаговый алгоритм,,Нет,Кассовый разрыв подрядчика,Требует проверки,Неоплата,Кассовый разрыв подрядчика,Информационный,Статья базы знаний,Диагностика объекта,2,3,3 — расширение,/baza-znanii/kassovyi-razryv-podryadchika-poshagovyi-algoritm/,Запланировано,https://wordstat.yandex.ru/,Плановый long-tail; частотность не присваивалась
348,кассовый разрыв подрядчика — судебная практика,,Нет,Кассовый разрыв подрядчика,Требует проверки,Неоплата,Кассовый разрыв подрядчика,Информационный,Статья базы знаний,Диагностика объекта,2,3,3 — расширение,/baza-znanii/kassovyi-razryv-podryadchika-sudebnaya-praktika/,Запланировано,https://wordstat.yandex.ru/,Плановый long-tail; частотность не присваивалась
349,просрочка оплаты — порядок оформления,,Нет,Просрочка оплаты,Требует проверки,Неоплата,Просрочка оплаты,Проблемный информационный,Статья базы знаний,Диагностика объекта,4,3,3 — расширение,/baza-znanii/prosrochka-oplaty-poryadok-oformleniya/,Запланировано,https://wordstat.yandex.ru/,Плановый long-tail; частотность не присваивалась
350,просрочка оплаты — проверка перед подписанием,,Нет,Просрочка оплаты,Требует проверки,Неоплата,Просрочка оплаты,Коммерческое исследование,Коммерческая страница,Диагностика объекта,5,3,3 — расширение,/proverki/prosrochka-oplaty-proverka-pered-podpisaniem/,Запланировано,https://wordstat.yandex.ru/,Плановый long-tail; частотность не присваивалась
351,просрочка оплаты — типовые ошибки,,Нет,Просрочка оплаты,Требует проверки,Неоплата,Просрочка оплаты,Проблемный информационный,Статья базы знаний,Диагностика объекта,4,3,3 — расширение,/baza-znanii/prosrochka-oplaty-tipovye-oshibki/,Запланировано,https://wordstat.yandex.ru/,Плановый long-tail; частотность не присваивалась
352,просрочка оплаты — что делать подрядчику,,Нет,Просрочка оплаты,Требует проверки,Неоплата,Просрочка оплаты,Проблемный информационный,Статья базы знаний,Диагностика объекта,4,3,3 — расширение,/baza-znanii/prosrochka-oplaty-chto-delat-podryadchiku/,Запланировано,https://wordstat.yandex.ru/,Плановый long-tail; частотность не присваивалась
353,просрочка оплаты — образец документа,,Нет,Просрочка оплаты,Требует проверки,Неоплата,Просрочка оплаты,Шаблон / лид-магнит,Лид-магнит / шаблон,Диагностика объекта,3,3,3 — расширение,/materialy/prosrochka-oplaty-obrazec-dokumenta/,Запланировано,https://wordstat.yandex.ru/,Плановый long-tail; частотность не присваивалась
354,просрочка оплаты — сроки и последствия,,Нет,Просрочка оплаты,Требует проверки,Неоплата,Просрочка оплаты,Проблемный информационный,Статья базы знаний,Диагностика объекта,4,3,3 — расширение,/baza-znanii/prosrochka-oplaty-sroki-i-posledstviya/,Запланировано,https://wordstat.yandex.ru/,Плановый long-tail; частотность не присваивалась
355,просрочка оплаты — для субподрядчика,,Нет,Просрочка оплаты,Требует проверки,Неоплата,Просрочка оплаты,Информационный,Статья базы знаний,Диагностика объекта,2,3,3 — расширение,/baza-znanii/prosrochka-oplaty-dlya-subpodryadchika/,Запланировано,https://wordstat.yandex.ru/,Плановый long-tail; частотность не присваивалась
356,просрочка оплаты — для генподрядчика,,Нет,Просрочка оплаты,Требует проверки,Неоплата,Просрочка оплаты,Информационный,Статья базы знаний,Диагностика объекта,2,3,3 — расширение,/baza-znanii/prosrochka-oplaty-dlya-genpodryadchika/,Запланировано,https://wordstat.yandex.ru/,Плановый long-tail; частотность не присваивалась
357,просрочка оплаты — пошаговый алгоритм,,Нет,Просрочка оплаты,Требует проверки,Неоплата,Просрочка оплаты,Информационный,Статья базы знаний,Диагностика объекта,2,3,3 — расширение,/baza-znanii/prosrochka-oplaty-poshagovyi-algoritm/,Запланировано,https://wordstat.yandex.ru/,Плановый long-tail; частотность не присваивалась
358,просрочка оплаты — судебная практика,,Нет,Просрочка оплаты,Требует проверки,Неоплата,Просрочка оплаты,Информационный,Статья базы знаний,Диагностика объекта,2,3,3 — расширение,/baza-znanii/prosrochka-oplaty-sudebnaya-praktika/,Запланировано,https://wordstat.yandex.ru/,Плановый long-tail; частотность не присваивалась
359,возврат гарантийного удержания — порядок оформления,,Нет,Возврат гарантийного удержания,Требует проверки,Удержания,Возврат гарантийного удержания,Проблемный информационный,Статья базы знаний,Диагностика объекта,4,3,3 — расширение,/baza-znanii/vozvrat-garantiinogo-uderzhaniya-poryadok-oformleniya/,Запланировано,https://wordstat.yandex.ru/,Плановый long-tail; частотность не присваивалась
360,возврат гарантийного удержания — проверка перед подписанием,,Нет,Возврат гарантийного удержания,Требует проверки,Удержания,Возврат гарантийного удержания,Коммерческое исследование,Коммерческая страница,Диагностика объекта,5,3,3 — расширение,/proverki/vozvrat-garantiinogo-uderzhaniya-proverka-pered-podpisaniem/,Запланировано,https://wordstat.yandex.ru/,Плановый long-tail; частотность не присваивалась
361,возврат гарантийного удержания — типовые ошибки,,Нет,Возврат гарантийного удержания,Требует проверки,Удержания,Возврат гарантийного удержания,Проблемный информационный,Статья базы знаний,Диагностика объекта,4,3,3 — расширение,/baza-znanii/vozvrat-garantiinogo-uderzhaniya-tipovye-oshibki/,Запланировано,https://wordstat.yandex.ru/,Плановый long-tail; частотность не присваивалась
362,возврат гарантийного удержания — что делать подрядчику,,Нет,Возврат гарантийного удержания,Требует проверки,Удержания,Возврат гарантийного удержания,Проблемный информационный,Статья базы знаний,Диагностика объекта,4,3,3 — расширение,/baza-znanii/vozvrat-garantiinogo-uderzhaniya-chto-delat-podryadchiku/,Запланировано,https://wordstat.yandex.ru/,Плановый long-tail; частотность не присваивалась
363,возврат гарантийного удержания — образец документа,,Нет,Возврат гарантийного удержания,Требует проверки,Удержания,Возврат гарантийного удержания,Шаблон / лид-магнит,Лид-магнит / шаблон,Диагностика объекта,3,3,3 — расширение,/materialy/vozvrat-garantiinogo-uderzhaniya-obrazec-dokumenta/,Запланировано,https://wordstat.yandex.ru/,Плановый long-tail; частотность не присваивалась
364,возврат гарантийного удержания — сроки и последствия,,Нет,Возврат гарантийного удержания,Требует проверки,Удержания,Возврат гарантийного удержания,Проблемный информационный,Статья базы знаний,Диагностика объекта,4,3,3 — расширение,/baza-znanii/vozvrat-garantiinogo-uderzhaniya-sroki-i-posledstviya/,Запланировано,https://wordstat.yandex.ru/,Плановый long-tail; частотность не присваивалась
365,возврат гарантийного удержания — для субподрядчика,,Нет,Возврат гарантийного удержания,Требует проверки,Удержания,Возврат гарантийного удержания,Проблемный информационный,Статья базы знаний,Диагностика объекта,4,3,3 — расширение,/baza-znanii/vozvrat-garantiinogo-uderzhaniya-dlya-subpodryadchika/,Запланировано,https://wordstat.yandex.ru/,Плановый long-tail; частотность не присваивалась
366,возврат гарантийного удержания — для генподрядчика,,Нет,Возврат гарантийного удержания,Требует проверки,Удержания,Возврат гарантийного удержания,Проблемный информационный,Статья базы знаний,Диагностика объекта,4,3,3 — расширение,/baza-znanii/vozvrat-garantiinogo-uderzhaniya-dlya-genpodryadchika/,Запланировано,https://wordstat.yandex.ru/,Плановый long-tail; частотность не присваивалась
367,возврат гарантийного удержания — пошаговый алгоритм,,Нет,Возврат гарантийного удержания,Требует проверки,Удержания,Возврат гарантийного удержания,Проблемный информационный,Статья базы знаний,Диагностика объекта,4,3,3 — расширение,/baza-znanii/vozvrat-garantiinogo-uderzhaniya-poshagovyi-algoritm/,Запланировано,https://wordstat.yandex.ru/,Плановый long-tail; частотность не присваивалась
368,возврат гарантийного удержания — судебная практика,,Нет,Возврат гарантийного удержания,Требует проверки,Удержания,Возврат гарантийного удержания,Проблемный информационный,Статья базы знаний,Диагностика объекта,4,3,3 — расширение,/baza-znanii/vozvrat-garantiinogo-uderzhaniya-sudebnaya-praktika/,Запланировано,https://wordstat.yandex.ru/,Плановый long-tail; частотность не присваивалась
369,дополнительные работы без согласования — порядок оформления,,Нет,Дополнительные работы без согласования,Требует проверки,Допработы,Дополнительные работы без согласования,Проблемный информационный,Статья базы знаний,Пакет «Допработы без потерь»,4,3,3 — расширение,/baza-znanii/dopolnitelnye-raboty-bez-soglasovaniya-poryadok-oformleniya/,Запланировано,https://wordstat.yandex.ru/,Плановый long-tail; частотность не присваивалась
370,дополнительные работы без согласования — проверка перед подписанием,,Нет,Дополнительные работы без согласования,Требует проверки,Допработы,Дополнительные работы без согласования,Коммерческое исследование,Коммерческая страница,Пакет «Допработы без потерь»,5,3,3 — расширение,/proverki/dopolnitelnye-raboty-bez-soglasovaniya-proverka-pered-podpisaniem/,Запланировано,https://wordstat.yandex.ru/,Плановый long-tail; частотность не присваивалась
371,дополнительные работы без согласования — типовые ошибки,,Нет,Дополнительные работы без согласования,Требует проверки,Допработы,Дополнительные работы без согласования,Проблемный информационный,Статья базы знаний,Пакет «Допработы без потерь»,4,3,3 — расширение,/baza-znanii/dopolnitelnye-raboty-bez-soglasovaniya-tipovye-oshibki/,Запланировано,https://wordstat.yandex.ru/,Плановый long-tail; частотность не присваивалась
372,дополнительные работы без согласования — что делать подрядчику,,Нет,Дополнительные работы без согласования,Требует проверки,Допработы,Дополнительные работы без согласования,Проблемный информационный,Статья базы знаний,Пакет «Допработы без потерь»,4,3,3 — расширение,/baza-znanii/dopolnitelnye-raboty-bez-soglasovaniya-chto-delat-podryadchiku/,Запланировано,https://wordstat.yandex.ru/,Плановый long-tail; частотность не присваивалась
373,дополнительные работы без согласования — образец документа,,Нет,Дополнительные работы без согласования,Требует проверки,Допработы,Дополнительные работы без согласования,Шаблон / лид-магнит,Лид-магнит / шаблон,Пакет «Допработы без потерь»,3,3,3 — расширение,/materialy/dopolnitelnye-raboty-bez-soglasovaniya-obrazec-dokumenta/,Запланировано,https://wordstat.yandex.ru/,Плановый long-tail; частотность не присваивалась
374,дополнительные работы без согласования — сроки и последствия,,Нет,Дополнительные работы без согласования,Требует проверки,Допработы,Дополнительные работы без согласования,Проблемный информационный,Статья базы знаний,Пакет «Допработы без потерь»,4,3,3 — расширение,/baza-znanii/dopolnitelnye-raboty-bez-soglasovaniya-sroki-i-posledstviya/,Запланировано,https://wordstat.yandex.ru/,Плановый long-tail; частотность не присваивалась
375,дополнительные работы без согласования — для субподрядчика,,Нет,Дополнительные работы без согласования,Требует проверки,Допработы,Дополнительные работы без согласования,Информационный,Статья базы знаний,Пакет «Допработы без потерь»,2,3,3 — расширение,/baza-znanii/dopolnitelnye-raboty-bez-soglasovaniya-dlya-subpodryadchika/,Запланировано,https://wordstat.yandex.ru/,Плановый long-tail; частотность не присваивалась
376,дополнительные работы без согласования — для генподрядчика,,Нет,Дополнительные работы без согласования,Требует проверки,Допработы,Дополнительные работы без согласования,Информационный,Статья базы знаний,Пакет «Допработы без потерь»,2,3,3 — расширение,/baza-znanii/dopolnitelnye-raboty-bez-soglasovaniya-dlya-genpodryadchika/,Запланировано,https://wordstat.yandex.ru/,Плановый long-tail; частотность не присваивалась
377,дополнительные работы без согласования — пошаговый алгоритм,,Нет,Дополнительные работы без согласования,Требует проверки,Допработы,Дополнительные работы без согласования,Информационный,Статья базы знаний,Пакет «Допработы без потерь»,2,3,3 — расширение,/baza-znanii/dopolnitelnye-raboty-bez-soglasovaniya-poshagovyi-algoritm/,Запланировано,https://wordstat.yandex.ru/,Плановый long-tail; частотность не присваивалась
378,дополнительные работы без согласования — судебная практика,,Нет,Дополнительные работы без согласования,Требует проверки,Допработы,Дополнительные работы без согласования,Информационный,Статья базы знаний,Пакет «Допработы без потерь»,2,3,3 — расширение,/baza-znanii/dopolnitelnye-raboty-bez-soglasovaniya-sudebnaya-praktika/,Запланировано,https://wordstat.yandex.ru/,Плановый long-tail; частотность не присваивалась
379,оплата дополнительных работ — порядок оформления,,Нет,Оплата дополнительных работ,Требует проверки,Допработы,Оплата дополнительных работ,Проблемный информационный,Статья базы знаний,Пакет «Допработы без потерь»,4,3,3 — расширение,/baza-znanii/oplata-dopolnitelnyh-rabot-poryadok-oformleniya/,Запланировано,https://wordstat.yandex.ru/,Плановый long-tail; частотность не присваивалась
380,оплата дополнительных работ — проверка перед подписанием,,Нет,Оплата дополнительных работ,Требует проверки,Допработы,Оплата дополнительных работ,Коммерческое исследование,Коммерческая страница,Пакет «Допработы без потерь»,5,3,3 — расширение,/proverki/oplata-dopolnitelnyh-rabot-proverka-pered-podpisaniem/,Запланировано,https://wordstat.yandex.ru/,Плановый long-tail; частотность не присваивалась
381,оплата дополнительных работ — типовые ошибки,,Нет,Оплата дополнительных работ,Требует проверки,Допработы,Оплата дополнительных работ,Проблемный информационный,Статья базы знаний,Пакет «Допработы без потерь»,4,3,3 — расширение,/baza-znanii/oplata-dopolnitelnyh-rabot-tipovye-oshibki/,Запланировано,https://wordstat.yandex.ru/,Плановый long-tail; частотность не присваивалась
382,оплата дополнительных работ — что делать подрядчику,,Нет,Оплата дополнительных работ,Требует проверки,Допработы,Оплата дополнительных работ,Проблемный информационный,Статья базы знаний,Пакет «Допработы без потерь»,4,3,3 — расширение,/baza-znanii/oplata-dopolnitelnyh-rabot-chto-delat-podryadchiku/,Запланировано,https://wordstat.yandex.ru/,Плановый long-tail; частотность не присваивалась
383,оплата дополнительных работ — образец документа,,Нет,Оплата дополнительных работ,Требует проверки,Допработы,Оплата дополнительных работ,Шаблон / лид-магнит,Лид-магнит / шаблон,Пакет «Допработы без потерь»,3,3,3 — расширение,/materialy/oplata-dopolnitelnyh-rabot-obrazec-dokumenta/,Запланировано,https://wordstat.yandex.ru/,Плановый long-tail; частотность не присваивалась
384,оплата дополнительных работ — сроки и последствия,,Нет,Оплата дополнительных работ,Требует проверки,Допработы,Оплата дополнительных работ,Проблемный информационный,Статья базы знаний,Пакет «Допработы без потерь»,4,3,3 — расширение,/baza-znanii/oplata-dopolnitelnyh-rabot-sroki-i-posledstviya/,Запланировано,https://wordstat.yandex.ru/,Плановый long-tail; частотность не присваивалась
385,оплата дополнительных работ — для субподрядчика,,Нет,Оплата дополнительных работ,Требует проверки,Допработы,Оплата дополнительных работ,Информационный,Статья базы знаний,Пакет «Допработы без потерь»,2,3,3 — расширение,/baza-znanii/oplata-dopolnitelnyh-rabot-dlya-subpodryadchika/,Запланировано,https://wordstat.yandex.ru/,Плановый long-tail; частотность не присваивалась
386,оплата дополнительных работ — для генподрядчика,,Нет,Оплата дополнительных работ,Требует проверки,Допработы,Оплата дополнительных работ,Информационный,Статья базы знаний,Пакет «Допработы без потерь»,2,3,3 — расширение,/baza-znanii/oplata-dopolnitelnyh-rabot-dlya-genpodryadchika/,Запланировано,https://wordstat.yandex.ru/,Плановый long-tail; частотность не присваивалась
387,оплата дополнительных работ — пошаговый алгоритм,,Нет,Оплата дополнительных работ,Требует проверки,Допработы,Оплата дополнительных работ,Информационный,Статья базы знаний,Пакет «Допработы без потерь»,2,3,3 — расширение,/baza-znanii/oplata-dopolnitelnyh-rabot-poshagovyi-algoritm/,Запланировано,https://wordstat.yandex.ru/,Плановый long-tail; частотность не присваивалась
388,оплата дополнительных работ — судебная практика,,Нет,Оплата дополнительных работ,Требует проверки,Допработы,Оплата дополнительных работ,Информационный,Статья базы знаний,Пакет «Допработы без потерь»,2,3,3 — расширение,/baza-znanii/oplata-dopolnitelnyh-rabot-sudebnaya-praktika/,Запланировано,https://wordstat.yandex.ru/,Плановый long-tail; частотность не присваивалась
389,простой на объекте — порядок оформления,,Нет,Простой на объекте,Требует проверки,Допработы,Простой на объекте,Проблемный информационный,Статья базы знаний,Пакет «Допработы без потерь»,4,3,3 — расширение,/baza-znanii/prostoi-na-obekte-poryadok-oformleniya/,Запланировано,https://wordstat.yandex.ru/,Плановый long-tail; частотность не присваивалась
390,простой на объекте — проверка перед подписанием,,Нет,Простой на объекте,Требует проверки,Допработы,Простой на объекте,Коммерческое исследование,Коммерческая страница,Пакет «Допработы без потерь»,5,3,3 — расширение,/proverki/prostoi-na-obekte-proverka-pered-podpisaniem/,Запланировано,https://wordstat.yandex.ru/,Плановый long-tail; частотность не присваивалась
391,простой на объекте — типовые ошибки,,Нет,Простой на объекте,Требует проверки,Допработы,Простой на объекте,Проблемный информационный,Статья базы знаний,Пакет «Допработы без потерь»,4,3,3 — расширение,/baza-znanii/prostoi-na-obekte-tipovye-oshibki/,Запланировано,https://wordstat.yandex.ru/,Плановый long-tail; частотность не присваивалась
392,простой на объекте — что делать подрядчику,,Нет,Простой на объекте,Требует проверки,Допработы,Простой на объекте,Проблемный информационный,Статья базы знаний,Пакет «Допработы без потерь»,4,3,3 — расширение,/baza-znanii/prostoi-na-obekte-chto-delat-podryadchiku/,Запланировано,https://wordstat.yandex.ru/,Плановый long-tail; частотность не присваивалась
393,простой на объекте — образец документа,,Нет,Простой на объекте,Требует проверки,Допработы,Простой на объекте,Шаблон / лид-магнит,Лид-магнит / шаблон,Пакет «Допработы без потерь»,3,3,3 — расширение,/materialy/prostoi-na-obekte-obrazec-dokumenta/,Запланировано,https://wordstat.yandex.ru/,Плановый long-tail; частотность не присваивалась
394,простой на объекте — сроки и последствия,,Нет,Простой на объекте,Требует проверки,Допработы,Простой на объекте,Проблемный информационный,Статья базы знаний,Пакет «Допработы без потерь»,4,3,3 — расширение,/baza-znanii/prostoi-na-obekte-sroki-i-posledstviya/,Запланировано,https://wordstat.yandex.ru/,Плановый long-tail; частотность не присваивалась
395,простой на объекте — для субподрядчика,,Нет,Простой на объекте,Требует проверки,Допработы,Простой на объекте,Информационный,Статья базы знаний,Пакет «Допработы без потерь»,2,3,3 — расширение,/baza-znanii/prostoi-na-obekte-dlya-subpodryadchika/,Запланировано,https://wordstat.yandex.ru/,Плановый long-tail; частотность не присваивалась
396,простой на объекте — для генподрядчика,,Нет,Простой на объекте,Требует проверки,Допработы,Простой на объекте,Информационный,Статья базы знаний,Пакет «Допработы без потерь»,2,3,3 — расширение,/baza-znanii/prostoi-na-obekte-dlya-genpodryadchika/,Запланировано,https://wordstat.yandex.ru/,Плановый long-tail; частотность не присваивалась
397,простой на объекте — пошаговый алгоритм,,Нет,Простой на объекте,Требует проверки,Допработы,Простой на объекте,Информационный,Статья базы знаний,Пакет «Допработы без потерь»,2,3,3 — расширение,/baza-znanii/prostoi-na-obekte-poshagovyi-algoritm/,Запланировано,https://wordstat.yandex.ru/,Плановый long-tail; частотность не присваивалась
398,простой на объекте — судебная практика,,Нет,Простой на объекте,Требует проверки,Допработы,Простой на объекте,Информационный,Статья базы знаний,Пакет «Допработы без потерь»,2,3,3 — расширение,/baza-znanii/prostoi-na-obekte-sudebnaya-praktika/,Запланировано,https://wordstat.yandex.ru/,Плановый long-tail; частотность не присваивалась
399,изменение объёма работ — порядок оформления,,Нет,Изменение объёма работ,Требует проверки,Допработы,Изменение объёма работ,Проблемный информационный,Статья базы знаний,Пакет «Допработы без потерь»,4,3,3 — расширение,/baza-znanii/izmenenie-obema-rabot-poryadok-oformleniya/,Запланировано,https://wordstat.yandex.ru/,Плановый long-tail; частотность не присваивалась
400,изменение объёма работ — проверка перед подписанием,,Нет,Изменение объёма работ,Требует проверки,Допработы,Изменение объёма работ,Коммерческое исследование,Коммерческая страница,Пакет «Допработы без потерь»,5,3,3 — расширение,/proverki/izmenenie-obema-rabot-proverka-pered-podpisaniem/,Запланировано,https://wordstat.yandex.ru/,Плановый long-tail; частотность не присваивалась
401,изменение объёма работ — типовые ошибки,,Нет,Изменение объёма работ,Требует проверки,Допработы,Изменение объёма работ,Проблемный информационный,Статья базы знаний,Пакет «Допработы без потерь»,4,3,3 — расширение,/baza-znanii/izmenenie-obema-rabot-tipovye-oshibki/,Запланировано,https://wordstat.yandex.ru/,Плановый long-tail; частотность не присваивалась
402,изменение объёма работ — что делать подрядчику,,Нет,Изменение объёма работ,Требует проверки,Допработы,Изменение объёма работ,Проблемный информационный,Статья базы знаний,Пакет «Допработы без потерь»,4,3,3 — расширение,/baza-znanii/izmenenie-obema-rabot-chto-delat-podryadchiku/,Запланировано,https://wordstat.yandex.ru/,Плановый long-tail; частотность не присваивалась
403,изменение объёма работ — образец документа,,Нет,Изменение объёма работ,Требует проверки,Допработы,Изменение объёма работ,Шаблон / лид-магнит,Лид-магнит / шаблон,Пакет «Допработы без потерь»,3,3,3 — расширение,/materialy/izmenenie-obema-rabot-obrazec-dokumenta/,Запланировано,https://wordstat.yandex.ru/,Плановый long-tail; частотность не присваивалась
404,изменение объёма работ — сроки и последствия,,Нет,Изменение объёма работ,Требует проверки,Допработы,Изменение объёма работ,Проблемный информационный,Статья базы знаний,Пакет «Допработы без потерь»,4,3,3 — расширение,/baza-znanii/izmenenie-obema-rabot-sroki-i-posledstviya/,Запланировано,https://wordstat.yandex.ru/,Плановый long-tail; частотность не присваивалась
405,изменение объёма работ — для субподрядчика,,Нет,Изменение объёма работ,Требует проверки,Допработы,Изменение объёма работ,Информационный,Статья базы знаний,Пакет «Допработы без потерь»,2,3,3 — расширение,/baza-znanii/izmenenie-obema-rabot-dlya-subpodryadchika/,Запланировано,https://wordstat.yandex.ru/,Плановый long-tail; частотность не присваивалась
406,изменение объёма работ — для генподрядчика,,Нет,Изменение объёма работ,Требует проверки,Допработы,Изменение объёма работ,Информационный,Статья базы знаний,Пакет «Допработы без потерь»,2,3,3 — расширение,/baza-znanii/izmenenie-obema-rabot-dlya-genpodryadchika/,Запланировано,https://wordstat.yandex.ru/,Плановый long-tail; частотность не присваивалась
407,изменение объёма работ — пошаговый алгоритм,,Нет,Изменение объёма работ,Требует проверки,Допработы,Изменение объёма работ,Информационный,Статья базы знаний,Пакет «Допработы без потерь»,2,3,3 — расширение,/baza-znanii/izmenenie-obema-rabot-poshagovyi-algoritm/,Запланировано,https://wordstat.yandex.ru/,Плановый long-tail; частотность не присваивалась
408,изменение объёма работ — судебная практика,,Нет,Изменение объёма работ,Требует проверки,Допработы,Изменение объёма работ,Информационный,Статья базы знаний,Пакет «Допработы без потерь»,2,3,3 — расширение,/baza-znanii/izmenenie-obema-rabot-sudebnaya-praktika/,Запланировано,https://wordstat.yandex.ru/,Плановый long-tail; частотность не присваивалась
409,кс-2 — порядок оформления,,Нет,КС-2,Требует проверки,КС и приёмка,КС-2,Проблемный информационный,Статья базы знаний,Пакет «Закрытие работ»,4,3,3 — расширение,/baza-znanii/ks-2-poryadok-oformleniya/,Запланировано,https://wordstat.yandex.ru/,Плановый long-tail; частотность не присваивалась
410,кс-2 — проверка перед подписанием,,Нет,КС-2,Требует проверки,КС и приёмка,КС-2,Коммерческое исследование,Коммерческая страница,Пакет «Закрытие работ»,5,3,3 — расширение,/proverki/ks-2-proverka-pered-podpisaniem/,Запланировано,https://wordstat.yandex.ru/,Плановый long-tail; частотность не присваивалась
411,кс-2 — типовые ошибки,,Нет,КС-2,Требует проверки,КС и приёмка,КС-2,Проблемный информационный,Статья базы знаний,Пакет «Закрытие работ»,4,3,3 — расширение,/baza-znanii/ks-2-tipovye-oshibki/,Запланировано,https://wordstat.yandex.ru/,Плановый long-tail; частотность не присваивалась
412,кс-2 — что делать подрядчику,,Нет,КС-2,Требует проверки,КС и приёмка,КС-2,Проблемный информационный,Статья базы знаний,Пакет «Закрытие работ»,4,3,3 — расширение,/baza-znanii/ks-2-chto-delat-podryadchiku/,Запланировано,https://wordstat.yandex.ru/,Плановый long-tail; частотность не присваивалась
413,кс-2 — образец документа,,Нет,КС-2,Требует проверки,КС и приёмка,КС-2,Шаблон / лид-магнит,Лид-магнит / шаблон,Пакет «Закрытие работ»,3,3,3 — расширение,/materialy/ks-2-obrazec-dokumenta/,Запланировано,https://wordstat.yandex.ru/,Плановый long-tail; частотность не присваивалась
414,кс-2 — сроки и последствия,,Нет,КС-2,Требует проверки,КС и приёмка,КС-2,Проблемный информационный,Статья базы знаний,Пакет «Закрытие работ»,4,3,3 — расширение,/baza-znanii/ks-2-sroki-i-posledstviya/,Запланировано,https://wordstat.yandex.ru/,Плановый long-tail; частотность не присваивалась
415,кс-2 — для субподрядчика,,Нет,КС-2,Требует проверки,КС и приёмка,КС-2,Информационный,Статья базы знаний,Пакет «Закрытие работ»,2,3,3 — расширение,/baza-znanii/ks-2-dlya-subpodryadchika/,Запланировано,https://wordstat.yandex.ru/,Плановый long-tail; частотность не присваивалась
416,кс-2 — для генподрядчика,,Нет,КС-2,Требует проверки,КС и приёмка,КС-2,Информационный,Статья базы знаний,Пакет «Закрытие работ»,2,3,3 — расширение,/baza-znanii/ks-2-dlya-genpodryadchika/,Запланировано,https://wordstat.yandex.ru/,Плановый long-tail; частотность не присваивалась
417,кс-2 — пошаговый алгоритм,,Нет,КС-2,Требует проверки,КС и приёмка,КС-2,Информационный,Статья базы знаний,Пакет «Закрытие работ»,2,3,3 — расширение,/baza-znanii/ks-2-poshagovyi-algoritm/,Запланировано,https://wordstat.yandex.ru/,Плановый long-tail; частотность не присваивалась
418,кс-2 — судебная практика,,Нет,КС-2,Требует проверки,КС и приёмка,КС-2,Информационный,Статья базы знаний,Пакет «Закрытие работ»,2,3,3 — расширение,/baza-znanii/ks-2-sudebnaya-praktika/,Запланировано,https://wordstat.yandex.ru/,Плановый long-tail; частотность не присваивалась
419,кс-3 — порядок оформления,,Нет,КС-3,Требует проверки,КС и приёмка,КС-3,Проблемный информационный,Статья базы знаний,Пакет «Закрытие работ»,4,3,3 — расширение,/baza-znanii/ks-3-poryadok-oformleniya/,Запланировано,https://wordstat.yandex.ru/,Плановый long-tail; частотность не присваивалась
420,кс-3 — проверка перед подписанием,,Нет,КС-3,Требует проверки,КС и приёмка,КС-3,Коммерческое исследование,Коммерческая страница,Пакет «Закрытие работ»,5,3,3 — расширение,/proverki/ks-3-proverka-pered-podpisaniem/,Запланировано,https://wordstat.yandex.ru/,Плановый long-tail; частотность не присваивалась
421,кс-3 — типовые ошибки,,Нет,КС-3,Требует проверки,КС и приёмка,КС-3,Проблемный информационный,Статья базы знаний,Пакет «Закрытие работ»,4,3,3 — расширение,/baza-znanii/ks-3-tipovye-oshibki/,Запланировано,https://wordstat.yandex.ru/,Плановый long-tail; частотность не присваивалась
422,кс-3 — что делать подрядчику,,Нет,КС-3,Требует проверки,КС и приёмка,КС-3,Проблемный информационный,Статья базы знаний,Пакет «Закрытие работ»,4,3,3 — расширение,/baza-znanii/ks-3-chto-delat-podryadchiku/,Запланировано,https://wordstat.yandex.ru/,Плановый long-tail; частотность не присваивалась
423,кс-3 — образец документа,,Нет,КС-3,Требует проверки,КС и приёмка,КС-3,Шаблон / лид-магнит,Лид-магнит / шаблон,Пакет «Закрытие работ»,3,3,3 — расширение,/materialy/ks-3-obrazec-dokumenta/,Запланировано,https://wordstat.yandex.ru/,Плановый long-tail; частотность не присваивалась
424,кс-3 — сроки и последствия,,Нет,КС-3,Требует проверки,КС и приёмка,КС-3,Проблемный информационный,Статья базы знаний,Пакет «Закрытие работ»,4,3,3 — расширение,/baza-znanii/ks-3-sroki-i-posledstviya/,Запланировано,https://wordstat.yandex.ru/,Плановый long-tail; частотность не присваивалась
425,кс-3 — для субподрядчика,,Нет,КС-3,Требует проверки,КС и приёмка,КС-3,Информационный,Статья базы знаний,Пакет «Закрытие работ»,2,3,3 — расширение,/baza-znanii/ks-3-dlya-subpodryadchika/,Запланировано,https://wordstat.yandex.ru/,Плановый long-tail; частотность не присваивалась
426,кс-3 — для генподрядчика,,Нет,КС-3,Требует проверки,КС и приёмка,КС-3,Информационный,Статья базы знаний,Пакет «Закрытие работ»,2,3,3 — расширение,/baza-znanii/ks-3-dlya-genpodryadchika/,Запланировано,https://wordstat.yandex.ru/,Плановый long-tail; частотность не присваивалась
427,кс-3 — пошаговый алгоритм,,Нет,КС-3,Требует проверки,КС и приёмка,КС-3,Информационный,Статья базы знаний,Пакет «Закрытие работ»,2,3,3 — расширение,/baza-znanii/ks-3-poshagovyi-algoritm/,Запланировано,https://wordstat.yandex.ru/,Плановый long-tail; частотность не присваивалась
428,кс-3 — судебная практика,,Нет,КС-3,Требует проверки,КС и приёмка,КС-3,Информационный,Статья базы знаний,Пакет «Закрытие работ»,2,3,3 — расширение,/baza-znanii/ks-3-sudebnaya-praktika/,Запланировано,https://wordstat.yandex.ru/,Плановый long-tail; частотность не присваивалась
429,заказчик не подписывает кс-2 — порядок оформления,,Нет,Заказчик не подписывает КС-2,Требует проверки,КС и приёмка,Заказчик не подписывает КС-2,Проблемный информационный,Статья базы знаний,Пакет «Закрытие работ»,4,3,3 — расширение,/baza-znanii/zakazchik-ne-podpisyvaet-ks-2-poryadok-oformleniya/,Запланировано,https://wordstat.yandex.ru/,Плановый long-tail; частотность не присваивалась
430,заказчик не подписывает кс-2 — проверка перед подписанием,,Нет,Заказчик не подписывает КС-2,Требует проверки,КС и приёмка,Заказчик не подписывает КС-2,Коммерческое исследование,Коммерческая страница,Пакет «Закрытие работ»,5,3,3 — расширение,/proverki/zakazchik-ne-podpisyvaet-ks-2-proverka-pered-podpisaniem/,Запланировано,https://wordstat.yandex.ru/,Плановый long-tail; частотность не присваивалась
431,заказчик не подписывает кс-2 — типовые ошибки,,Нет,Заказчик не подписывает КС-2,Требует проверки,КС и приёмка,Заказчик не подписывает КС-2,Проблемный информационный,Статья базы знаний,Пакет «Закрытие работ»,4,3,3 — расширение,/baza-znanii/zakazchik-ne-podpisyvaet-ks-2-tipovye-oshibki/,Запланировано,https://wordstat.yandex.ru/,Плановый long-tail; частотность не присваивалась
432,заказчик не подписывает кс-2 — что делать подрядчику,,Нет,Заказчик не подписывает КС-2,Требует проверки,КС и приёмка,Заказчик не подписывает КС-2,Проблемный информационный,Статья базы знаний,Пакет «Закрытие работ»,4,3,3 — расширение,/baza-znanii/zakazchik-ne-podpisyvaet-ks-2-chto-delat-podryadchiku/,Запланировано,https://wordstat.yandex.ru/,Плановый long-tail; частотность не присваивалась
433,заказчик не подписывает кс-2 — образец документа,,Нет,Заказчик не подписывает КС-2,Требует проверки,КС и приёмка,Заказчик не подписывает КС-2,Шаблон / лид-магнит,Лид-магнит / шаблон,Пакет «Закрытие работ»,3,3,3 — расширение,/materialy/zakazchik-ne-podpisyvaet-ks-2-obrazec-dokumenta/,Запланировано,https://wordstat.yandex.ru/,Плановый long-tail; частотность не присваивалась
434,заказчик не подписывает кс-2 — сроки и последствия,,Нет,Заказчик не подписывает КС-2,Требует проверки,КС и приёмка,Заказчик не подписывает КС-2,Проблемный информационный,Статья базы знаний,Пакет «Закрытие работ»,4,3,3 — расширение,/baza-znanii/zakazchik-ne-podpisyvaet-ks-2-sroki-i-posledstviya/,Запланировано,https://wordstat.yandex.ru/,Плановый long-tail; частотность не присваивалась
435,заказчик не подписывает кс-2 — для субподрядчика,,Нет,Заказчик не подписывает КС-2,Требует проверки,КС и приёмка,Заказчик не подписывает КС-2,Информационный,Статья базы знаний,Пакет «Закрытие работ»,2,3,3 — расширение,/baza-znanii/zakazchik-ne-podpisyvaet-ks-2-dlya-subpodryadchika/,Запланировано,https://wordstat.yandex.ru/,Плановый long-tail; частотность не присваивалась
436,заказчик не подписывает кс-2 — для генподрядчика,,Нет,Заказчик не подписывает КС-2,Требует проверки,КС и приёмка,Заказчик не подписывает КС-2,Информационный,Статья базы знаний,Пакет «Закрытие работ»,2,3,3 — расширение,/baza-znanii/zakazchik-ne-podpisyvaet-ks-2-dlya-genpodryadchika/,Запланировано,https://wordstat.yandex.ru/,Плановый long-tail; частотность не присваивалась
437,заказчик не подписывает кс-2 — пошаговый алгоритм,,Нет,Заказчик не подписывает КС-2,Требует проверки,КС и приёмка,Заказчик не подписывает КС-2,Информационный,Статья базы знаний,Пакет «Закрытие работ»,2,3,3 — расширение,/baza-znanii/zakazchik-ne-podpisyvaet-ks-2-poshagovyi-algoritm/,Запланировано,https://wordstat.yandex.ru/,Плановый long-tail; частотность не присваивалась
438,заказчик не подписывает кс-2 — судебная практика,,Нет,Заказчик не подписывает КС-2,Требует проверки,КС и приёмка,Заказчик не подписывает КС-2,Информационный,Статья базы знаний,Пакет «Закрытие работ»,2,3,3 — расширение,/baza-znanii/zakazchik-ne-podpisyvaet-ks-2-sudebnaya-praktika/,Запланировано,https://wordstat.yandex.ru/,Плановый long-tail; частотность не присваивалась
439,отказ в приёмке работ — порядок оформления,,Нет,Отказ в приёмке работ,Требует проверки,КС и приёмка,Отказ в приёмке работ,Проблемный информационный,Статья базы знаний,Пакет «Закрытие работ»,4,3,3 — расширение,/baza-znanii/otkaz-v-priemke-rabot-poryadok-oformleniya/,Запланировано,https://wordstat.yandex.ru/,Плановый long-tail; частотность не присваивалась
440,отказ в приёмке работ — проверка перед подписанием,,Нет,Отказ в приёмке работ,Требует проверки,КС и приёмка,Отказ в приёмке работ,Коммерческое исследование,Коммерческая страница,Пакет «Закрытие работ»,5,3,3 — расширение,/proverki/otkaz-v-priemke-rabot-proverka-pered-podpisaniem/,Запланировано,https://wordstat.yandex.ru/,Плановый long-tail; частотность не присваивалась
441,отказ в приёмке работ — типовые ошибки,,Нет,Отказ в приёмке работ,Требует проверки,КС и приёмка,Отказ в приёмке работ,Проблемный информационный,Статья базы знаний,Пакет «Закрытие работ»,4,3,3 — расширение,/baza-znanii/otkaz-v-priemke-rabot-tipovye-oshibki/,Запланировано,https://wordstat.yandex.ru/,Плановый long-tail; частотность не присваивалась
442,отказ в приёмке работ — что делать подрядчику,,Нет,Отказ в приёмке работ,Требует проверки,КС и приёмка,Отказ в приёмке работ,Проблемный информационный,Статья базы знаний,Пакет «Закрытие работ»,4,3,3 — расширение,/baza-znanii/otkaz-v-priemke-rabot-chto-delat-podryadchiku/,Запланировано,https://wordstat.yandex.ru/,Плановый long-tail; частотность не присваивалась
443,отказ в приёмке работ — образец документа,,Нет,Отказ в приёмке работ,Требует проверки,КС и приёмка,Отказ в приёмке работ,Шаблон / лид-магнит,Лид-магнит / шаблон,Пакет «Закрытие работ»,3,3,3 — расширение,/materialy/otkaz-v-priemke-rabot-obrazec-dokumenta/,Запланировано,https://wordstat.yandex.ru/,Плановый long-tail; частотность не присваивалась
444,отказ в приёмке работ — сроки и последствия,,Нет,Отказ в приёмке работ,Требует проверки,КС и приёмка,Отказ в приёмке работ,Проблемный информационный,Статья базы знаний,Пакет «Закрытие работ»,4,3,3 — расширение,/baza-znanii/otkaz-v-priemke-rabot-sroki-i-posledstviya/,Запланировано,https://wordstat.yandex.ru/,Плановый long-tail; частотность не присваивалась
445,отказ в приёмке работ — для субподрядчика,,Нет,Отказ в приёмке работ,Требует проверки,КС и приёмка,Отказ в приёмке работ,Проблемный информационный,Статья базы знаний,Пакет «Закрытие работ»,4,3,3 — расширение,/baza-znanii/otkaz-v-priemke-rabot-dlya-subpodryadchika/,Запланировано,https://wordstat.yandex.ru/,Плановый long-tail; частотность не присваивалась
446,отказ в приёмке работ — для генподрядчика,,Нет,Отказ в приёмке работ,Требует проверки,КС и приёмка,Отказ в приёмке работ,Проблемный информационный,Статья базы знаний,Пакет «Закрытие работ»,4,3,3 — расширение,/baza-znanii/otkaz-v-priemke-rabot-dlya-genpodryadchika/,Запланировано,https://wordstat.yandex.ru/,Плановый long-tail; частотность не присваивалась
447,отказ в приёмке работ — пошаговый алгоритм,,Нет,Отказ в приёмке работ,Требует проверки,КС и приёмка,Отказ в приёмке работ,Проблемный информационный,Статья базы знаний,Пакет «Закрытие работ»,4,3,3 — расширение,/baza-znanii/otkaz-v-priemke-rabot-poshagovyi-algoritm/,Запланировано,https://wordstat.yandex.ru/,Плановый long-tail; частотность не присваивалась
448,отказ в приёмке работ — судебная практика,,Нет,Отказ в приёмке работ,Требует проверки,КС и приёмка,Отказ в приёмке работ,Проблемный информационный,Статья базы знаний,Пакет «Закрытие работ»,4,3,3 — расширение,/baza-znanii/otkaz-v-priemke-rabot-sudebnaya-praktika/,Запланировано,https://wordstat.yandex.ru/,Плановый long-tail; частотность не присваивалась
449,реестр замечаний — порядок оформления,,Нет,Реестр замечаний,Требует проверки,КС и приёмка,Реестр замечаний,Проблемный информационный,Статья базы знаний,Пакет «Закрытие работ»,4,3,3 — расширение,/baza-znanii/reestr-zamechanii-poryadok-oformleniya/,Запланировано,https://wordstat.yandex.ru/,Плановый long-tail; частотность не присваивалась
450,реестр замечаний — проверка перед подписанием,,Нет,Реестр замечаний,Требует проверки,КС и приёмка,Реестр замечаний,Коммерческое исследование,Коммерческая страница,Пакет «Закрытие работ»,5,3,3 — расширение,/proverki/reestr-zamechanii-proverka-pered-podpisaniem/,Запланировано,https://wordstat.yandex.ru/,Плановый long-tail; частотность не присваивалась
451,реестр замечаний — типовые ошибки,,Нет,Реестр замечаний,Требует проверки,КС и приёмка,Реестр замечаний,Проблемный информационный,Статья базы знаний,Пакет «Закрытие работ»,4,3,3 — расширение,/baza-znanii/reestr-zamechanii-tipovye-oshibki/,Запланировано,https://wordstat.yandex.ru/,Плановый long-tail; частотность не присваивалась
452,реестр замечаний — что делать подрядчику,,Нет,Реестр замечаний,Требует проверки,КС и приёмка,Реестр замечаний,Проблемный информационный,Статья базы знаний,Пакет «Закрытие работ»,4,3,3 — расширение,/baza-znanii/reestr-zamechanii-chto-delat-podryadchiku/,Запланировано,https://wordstat.yandex.ru/,Плановый long-tail; частотность не присваивалась
453,реестр замечаний — образец документа,,Нет,Реестр замечаний,Требует проверки,КС и приёмка,Реестр замечаний,Шаблон / лид-магнит,Лид-магнит / шаблон,Пакет «Закрытие работ»,3,3,3 — расширение,/materialy/reestr-zamechanii-obrazec-dokumenta/,Запланировано,https://wordstat.yandex.ru/,Плановый long-tail; частотность не присваивалась
454,реестр замечаний — сроки и последствия,,Нет,Реестр замечаний,Требует проверки,КС и приёмка,Реестр замечаний,Проблемный информационный,Статья базы знаний,Пакет «Закрытие работ»,4,3,3 — расширение,/baza-znanii/reestr-zamechanii-sroki-i-posledstviya/,Запланировано,https://wordstat.yandex.ru/,Плановый long-tail; частотность не присваивалась
455,реестр замечаний — для субподрядчика,,Нет,Реестр замечаний,Требует проверки,КС и приёмка,Реестр замечаний,Информационный,Статья базы знаний,Пакет «Закрытие работ»,2,3,3 — расширение,/baza-znanii/reestr-zamechanii-dlya-subpodryadchika/,Запланировано,https://wordstat.yandex.ru/,Плановый long-tail; частотность не присваивалась
456,реестр замечаний — для генподрядчика,,Нет,Реестр замечаний,Требует проверки,КС и приёмка,Реестр замечаний,Информационный,Статья базы знаний,Пакет «Закрытие работ»,2,3,3 — расширение,/baza-znanii/reestr-zamechanii-dlya-genpodryadchika/,Запланировано,https://wordstat.yandex.ru/,Плановый long-tail; частотность не присваивалась
457,реестр замечаний — пошаговый алгоритм,,Нет,Реестр замечаний,Требует проверки,КС и приёмка,Реестр замечаний,Информационный,Статья базы знаний,Пакет «Закрытие работ»,2,3,3 — расширение,/baza-znanii/reestr-zamechanii-poshagovyi-algoritm/,Запланировано,https://wordstat.yandex.ru/,Плановый long-tail; частотность не присваивалась
458,реестр замечаний — судебная практика,,Нет,Реестр замечаний,Требует проверки,КС и приёмка,Реестр замечаний,Информационный,Статья базы знаний,Пакет «Закрытие работ»,2,3,3 — расширение,/baza-znanii/reestr-zamechanii-sudebnaya-praktika/,Запланировано,https://wordstat.yandex.ru/,Плановый long-tail; частотность не присваивалась
459,комплект исполнительной документации — порядок оформления,,Нет,Комплект исполнительной документации,Требует проверки,Исполнительная документация,Комплект исполнительной документации,Проблемный информационный,Статья базы знаний,Проверка исполнительной документации,4,3,3 — расширение,/baza-znanii/komplekt-ispolnitelnoi-dokumentacii-poryadok-oformleniya/,Запланировано,https://wordstat.yandex.ru/,Плановый long-tail; частотность не присваивалась
460,комплект исполнительной документации — проверка перед подписанием,,Нет,Комплект исполнительной документации,Требует проверки,Исполнительная документация,Комплект исполнительной документации,Коммерческое исследование,Коммерческая страница,Проверка исполнительной документации,5,3,3 — расширение,/proverki/komplekt-ispolnitelnoi-dokumentacii-proverka-pered-podpisaniem/,Запланировано,https://wordstat.yandex.ru/,Плановый long-tail; частотность не присваивалась
461,комплект исполнительной документации — типовые ошибки,,Нет,Комплект исполнительной документации,Требует проверки,Исполнительная документация,Комплект исполнительной документации,Проблемный информационный,Статья базы знаний,Проверка исполнительной документации,4,3,3 — расширение,/baza-znanii/komplekt-ispolnitelnoi-dokumentacii-tipovye-oshibki/,Запланировано,https://wordstat.yandex.ru/,Плановый long-tail; частотность не присваивалась
462,комплект исполнительной документации — что делать подрядчику,,Нет,Комплект исполнительной документации,Требует проверки,Исполнительная документация,Комплект исполнительной документации,Проблемный информационный,Статья базы знаний,Проверка исполнительной документации,4,3,3 — расширение,/baza-znanii/komplekt-ispolnitelnoi-dokumentacii-chto-delat-podryadchiku/,Запланировано,https://wordstat.yandex.ru/,Плановый long-tail; частотность не присваивалась
463,комплект исполнительной документации — образец документа,,Нет,Комплект исполнительной документации,Требует проверки,Исполнительная документация,Комплект исполнительной документации,Шаблон / лид-магнит,Лид-магнит / шаблон,Проверка исполнительной документации,3,3,3 — расширение,/materialy/komplekt-ispolnitelnoi-dokumentacii-obrazec-dokumenta/,Запланировано,https://wordstat.yandex.ru/,Плановый long-tail; частотность не присваивалась
464,комплект исполнительной документации — сроки и последствия,,Нет,Комплект исполнительной документации,Требует проверки,Исполнительная документация,Комплект исполнительной документации,Проблемный информационный,Статья базы знаний,Проверка исполнительной документации,4,3,3 — расширение,/baza-znanii/komplekt-ispolnitelnoi-dokumentacii-sroki-i-posledstviya/,Запланировано,https://wordstat.yandex.ru/,Плановый long-tail; частотность не присваивалась
465,комплект исполнительной документации — для субподрядчика,,Нет,Комплект исполнительной документации,Требует проверки,Исполнительная документация,Комплект исполнительной документации,Информационный,Статья базы знаний,Проверка исполнительной документации,2,3,3 — расширение,/baza-znanii/komplekt-ispolnitelnoi-dokumentacii-dlya-subpodryadchika/,Запланировано,https://wordstat.yandex.ru/,Плановый long-tail; частотность не присваивалась
466,комплект исполнительной документации — для генподрядчика,,Нет,Комплект исполнительной документации,Требует проверки,Исполнительная документация,Комплект исполнительной документации,Информационный,Статья базы знаний,Проверка исполнительной документации,2,3,3 — расширение,/baza-znanii/komplekt-ispolnitelnoi-dokumentacii-dlya-genpodryadchika/,Запланировано,https://wordstat.yandex.ru/,Плановый long-tail; частотность не присваивалась
467,комплект исполнительной документации — пошаговый алгоритм,,Нет,Комплект исполнительной документации,Требует проверки,Исполнительная документация,Комплект исполнительной документации,Информационный,Статья базы знаний,Проверка исполнительной документации,2,3,3 — расширение,/baza-znanii/komplekt-ispolnitelnoi-dokumentacii-poshagovyi-algoritm/,Запланировано,https://wordstat.yandex.ru/,Плановый long-tail; частотность не присваивалась
468,комплект исполнительной документации — судебная практика,,Нет,Комплект исполнительной документации,Требует проверки,Исполнительная документация,Комплект исполнительной документации,Информационный,Статья базы знаний,Проверка исполнительной документации,2,3,3 — расширение,/baza-znanii/komplekt-ispolnitelnoi-dokumentacii-sudebnaya-praktika/,Запланировано,https://wordstat.yandex.ru/,Плановый long-tail; частотность не присваивалась
469,акты скрытых работ — порядок оформления,,Нет,Акты скрытых работ,Требует проверки,Исполнительная документация,Акты скрытых работ,Проблемный информационный,Статья базы знаний,Проверка исполнительной документации,4,3,3 — расширение,/baza-znanii/akty-skrytyh-rabot-poryadok-oformleniya/,Запланировано,https://wordstat.yandex.ru/,Плановый long-tail; частотность не присваивалась
470,акты скрытых работ — проверка перед подписанием,,Нет,Акты скрытых работ,Требует проверки,Исполнительная документация,Акты скрытых работ,Коммерческое исследование,Коммерческая страница,Проверка исполнительной документации,5,3,3 — расширение,/proverki/akty-skrytyh-rabot-proverka-pered-podpisaniem/,Запланировано,https://wordstat.yandex.ru/,Плановый long-tail; частотность не присваивалась
471,акты скрытых работ — типовые ошибки,,Нет,Акты скрытых работ,Требует проверки,Исполнительная документация,Акты скрытых работ,Проблемный информационный,Статья базы знаний,Проверка исполнительной документации,4,3,3 — расширение,/baza-znanii/akty-skrytyh-rabot-tipovye-oshibki/,Запланировано,https://wordstat.yandex.ru/,Плановый long-tail; частотность не присваивалась
472,акты скрытых работ — что делать подрядчику,,Нет,Акты скрытых работ,Требует проверки,Исполнительная документация,Акты скрытых работ,Проблемный информационный,Статья базы знаний,Проверка исполнительной документации,4,3,3 — расширение,/baza-znanii/akty-skrytyh-rabot-chto-delat-podryadchiku/,Запланировано,https://wordstat.yandex.ru/,Плановый long-tail; частотность не присваивалась
473,акты скрытых работ — образец документа,,Нет,Акты скрытых работ,Требует проверки,Исполнительная документация,Акты скрытых работ,Шаблон / лид-магнит,Лид-магнит / шаблон,Проверка исполнительной документации,3,3,3 — расширение,/materialy/akty-skrytyh-rabot-obrazec-dokumenta/,Запланировано,https://wordstat.yandex.ru/,Плановый long-tail; частотность не присваивалась
474,акты скрытых работ — сроки и последствия,,Нет,Акты скрытых работ,Требует проверки,Исполнительная документация,Акты скрытых работ,Проблемный информационный,Статья базы знаний,Проверка исполнительной документации,4,3,3 — расширение,/baza-znanii/akty-skrytyh-rabot-sroki-i-posledstviya/,Запланировано,https://wordstat.yandex.ru/,Плановый long-tail; частотность не присваивалась
475,акты скрытых работ — для субподрядчика,,Нет,Акты скрытых работ,Требует проверки,Исполнительная документация,Акты скрытых работ,Информационный,Статья базы знаний,Проверка исполнительной документации,2,3,3 — расширение,/baza-znanii/akty-skrytyh-rabot-dlya-subpodryadchika/,Запланировано,https://wordstat.yandex.ru/,Плановый long-tail; частотность не присваивалась
476,акты скрытых работ — для генподрядчика,,Нет,Акты скрытых работ,Требует проверки,Исполнительная документация,Акты скрытых работ,Информационный,Статья базы знаний,Проверка исполнительной документации,2,3,3 — расширение,/baza-znanii/akty-skrytyh-rabot-dlya-genpodryadchika/,Запланировано,https://wordstat.yandex.ru/,Плановый long-tail; частотность не присваивалась
477,акты скрытых работ — пошаговый алгоритм,,Нет,Акты скрытых работ,Требует проверки,Исполнительная документация,Акты скрытых работ,Информационный,Статья базы знаний,Проверка исполнительной документации,2,3,3 — расширение,/baza-znanii/akty-skrytyh-rabot-poshagovyi-algoritm/,Запланировано,https://wordstat.yandex.ru/,Плановый long-tail; частотность не присваивалась
478,акты скрытых работ — судебная практика,,Нет,Акты скрытых работ,Требует проверки,Исполнительная документация,Акты скрытых работ,Информационный,Статья базы знаний,Проверка исполнительной документации,2,3,3 — расширение,/baza-znanii/akty-skrytyh-rabot-sudebnaya-praktika/,Запланировано,https://wordstat.yandex.ru/,Плановый long-tail; частотность не присваивалась
479,исполнительная схема — порядок оформления,,Нет,Исполнительная схема,Требует проверки,Исполнительная документация,Исполнительная схема,Проблемный информационный,Статья базы знаний,Проверка исполнительной документации,4,3,3 — расширение,/baza-znanii/ispolnitelnaya-shema-poryadok-oformleniya/,Запланировано,https://wordstat.yandex.ru/,Плановый long-tail; частотность не присваивалась
480,исполнительная схема — проверка перед подписанием,,Нет,Исполнительная схема,Требует проверки,Исполнительная документация,Исполнительная схема,Коммерческое исследование,Коммерческая страница,Проверка исполнительной документации,5,3,3 — расширение,/proverki/ispolnitelnaya-shema-proverka-pered-podpisaniem/,Запланировано,https://wordstat.yandex.ru/,Плановый long-tail; частотность не присваивалась
481,исполнительная схема — типовые ошибки,,Нет,Исполнительная схема,Требует проверки,Исполнительная документация,Исполнительная схема,Проблемный информационный,Статья базы знаний,Проверка исполнительной документации,4,3,3 — расширение,/baza-znanii/ispolnitelnaya-shema-tipovye-oshibki/,Запланировано,https://wordstat.yandex.ru/,Плановый long-tail; частотность не присваивалась
482,исполнительная схема — что делать подрядчику,,Нет,Исполнительная схема,Требует проверки,Исполнительная документация,Исполнительная схема,Проблемный информационный,Статья базы знаний,Проверка исполнительной документации,4,3,3 — расширение,/baza-znanii/ispolnitelnaya-shema-chto-delat-podryadchiku/,Запланировано,https://wordstat.yandex.ru/,Плановый long-tail; частотность не присваивалась
483,исполнительная схема — образец документа,,Нет,Исполнительная схема,Требует проверки,Исполнительная документация,Исполнительная схема,Шаблон / лид-магнит,Лид-магнит / шаблон,Проверка исполнительной документации,3,3,3 — расширение,/materialy/ispolnitelnaya-shema-obrazec-dokumenta/,Запланировано,https://wordstat.yandex.ru/,Плановый long-tail; частотность не присваивалась
484,исполнительная схема — сроки и последствия,,Нет,Исполнительная схема,Требует проверки,Исполнительная документация,Исполнительная схема,Проблемный информационный,Статья базы знаний,Проверка исполнительной документации,4,3,3 — расширение,/baza-znanii/ispolnitelnaya-shema-sroki-i-posledstviya/,Запланировано,https://wordstat.yandex.ru/,Плановый long-tail; частотность не присваивалась
485,исполнительная схема — для субподрядчика,,Нет,Исполнительная схема,Требует проверки,Исполнительная документация,Исполнительная схема,Информационный,Статья базы знаний,Проверка исполнительной документации,2,3,3 — расширение,/baza-znanii/ispolnitelnaya-shema-dlya-subpodryadchika/,Запланировано,https://wordstat.yandex.ru/,Плановый long-tail; частотность не присваивалась
486,исполнительная схема — для генподрядчика,,Нет,Исполнительная схема,Требует проверки,Исполнительная документация,Исполнительная схема,Информационный,Статья базы знаний,Проверка исполнительной документации,2,3,3 — расширение,/baza-znanii/ispolnitelnaya-shema-dlya-genpodryadchika/,Запланировано,https://wordstat.yandex.ru/,Плановый long-tail; частотность не присваивалась
487,исполнительная схема — пошаговый алгоритм,,Нет,Исполнительная схема,Требует проверки,Исполнительная документация,Исполнительная схема,Информационный,Статья базы знаний,Проверка исполнительной документации,2,3,3 — расширение,/baza-znanii/ispolnitelnaya-shema-poshagovyi-algoritm/,Запланировано,https://wordstat.yandex.ru/,Плановый long-tail; частотность не присваивалась
488,исполнительная схема — судебная практика,,Нет,Исполнительная схема,Требует проверки,Исполнительная документация,Исполнительная схема,Информационный,Статья базы знаний,Проверка исполнительной документации,2,3,3 — расширение,/baza-znanii/ispolnitelnaya-shema-sudebnaya-praktika/,Запланировано,https://wordstat.yandex.ru/,Плановый long-tail; частотность не присваивалась
489,общий журнал работ — порядок оформления,,Нет,Общий журнал работ,Требует проверки,Исполнительная документация,Общий журнал работ,Проблемный информационный,Статья базы знаний,Проверка исполнительной документации,4,3,3 — расширение,/baza-znanii/obschii-zhurnal-rabot-poryadok-oformleniya/,Запланировано,https://wordstat.yandex.ru/,Плановый long-tail; частотность не присваивалась
490,общий журнал работ — проверка перед подписанием,,Нет,Общий журнал работ,Требует проверки,Исполнительная документация,Общий журнал работ,Коммерческое исследование,Коммерческая страница,Проверка исполнительной документации,5,3,3 — расширение,/proverki/obschii-zhurnal-rabot-proverka-pered-podpisaniem/,Запланировано,https://wordstat.yandex.ru/,Плановый long-tail; частотность не присваивалась
491,общий журнал работ — типовые ошибки,,Нет,Общий журнал работ,Требует проверки,Исполнительная документация,Общий журнал работ,Проблемный информационный,Статья базы знаний,Проверка исполнительной документации,4,3,3 — расширение,/baza-znanii/obschii-zhurnal-rabot-tipovye-oshibki/,Запланировано,https://wordstat.yandex.ru/,Плановый long-tail; частотность не присваивалась
492,общий журнал работ — что делать подрядчику,,Нет,Общий журнал работ,Требует проверки,Исполнительная документация,Общий журнал работ,Проблемный информационный,Статья базы знаний,Проверка исполнительной документации,4,3,3 — расширение,/baza-znanii/obschii-zhurnal-rabot-chto-delat-podryadchiku/,Запланировано,https://wordstat.yandex.ru/,Плановый long-tail; частотность не присваивалась
493,общий журнал работ — образец документа,,Нет,Общий журнал работ,Требует проверки,Исполнительная документация,Общий журнал работ,Шаблон / лид-магнит,Лид-магнит / шаблон,Проверка исполнительной документации,3,3,3 — расширение,/materialy/obschii-zhurnal-rabot-obrazec-dokumenta/,Запланировано,https://wordstat.yandex.ru/,Плановый long-tail; частотность не присваивалась
494,общий журнал работ — сроки и последствия,,Нет,Общий журнал работ,Требует проверки,Исполнительная документация,Общий журнал работ,Проблемный информационный,Статья базы знаний,Проверка исполнительной документации,4,3,3 — расширение,/baza-znanii/obschii-zhurnal-rabot-sroki-i-posledstviya/,Запланировано,https://wordstat.yandex.ru/,Плановый long-tail; частотность не присваивалась
495,общий журнал работ — для субподрядчика,,Нет,Общий журнал работ,Требует проверки,Исполнительная документация,Общий журнал работ,Информационный,Статья базы знаний,Проверка исполнительной документации,2,3,3 — расширение,/baza-znanii/obschii-zhurnal-rabot-dlya-subpodryadchika/,Запланировано,https://wordstat.yandex.ru/,Плановый long-tail; частотность не присваивалась
496,общий журнал работ — для генподрядчика,,Нет,Общий журнал работ,Требует проверки,Исполнительная документация,Общий журнал работ,Информационный,Статья базы знаний,Проверка исполнительной документации,2,3,3 — расширение,/baza-znanii/obschii-zhurnal-rabot-dlya-genpodryadchika/,Запланировано,https://wordstat.yandex.ru/,Плановый long-tail; частотность не присваивалась
497,общий журнал работ — пошаговый алгоритм,,Нет,Общий журнал работ,Требует проверки,Исполнительная документация,Общий журнал работ,Информационный,Статья базы знаний,Проверка исполнительной документации,2,3,3 — расширение,/baza-znanii/obschii-zhurnal-rabot-poshagovyi-algoritm/,Запланировано,https://wordstat.yandex.ru/,Плановый long-tail; частотность не присваивалась
498,общий журнал работ — судебная практика,,Нет,Общий журнал работ,Требует проверки,Исполнительная документация,Общий журнал работ,Информационный,Статья базы знаний,Проверка исполнительной документации,2,3,3 — расширение,/baza-znanii/obschii-zhurnal-rabot-sudebnaya-praktika/,Запланировано,https://wordstat.yandex.ru/,Плановый long-tail; частотность не присваивалась
499,передача исполнительной документации — порядок оформления,,Нет,Передача исполнительной документации,Требует проверки,Исполнительная документация,Передача исполнительной документации,Проблемный информационный,Статья базы знаний,Проверка исполнительной документации,4,3,3 — расширение,/baza-znanii/peredacha-ispolnitelnoi-dokumentacii-poryadok-oformleniya/,Запланировано,https://wordstat.yandex.ru/,Плановый long-tail; частотность не присваивалась
500,передача исполнительной документации — проверка перед подписанием,,Нет,Передача исполнительной документации,Требует проверки,Исполнительная документация,Передача исполнительной документации,Коммерческое исследование,Коммерческая страница,Проверка исполнительной документации,5,3,3 — расширение,/proverki/peredacha-ispolnitelnoi-dokumentacii-proverka-pered-podpisaniem/,Запланировано,https://wordstat.yandex.ru/,Плановый long-tail; частотность не присваивалась
501,передача исполнительной документации — типовые ошибки,,Нет,Передача исполнительной документации,Требует проверки,Исполнительная документация,Передача исполнительной документации,Проблемный информационный,Статья базы знаний,Проверка исполнительной документации,4,3,3 — расширение,/baza-znanii/peredacha-ispolnitelnoi-dokumentacii-tipovye-oshibki/,Запланировано,https://wordstat.yandex.ru/,Плановый long-tail; частотность не присваивалась
502,передача исполнительной документации — что делать подрядчику,,Нет,Передача исполнительной документации,Требует проверки,Исполнительная документация,Передача исполнительной документации,Проблемный информационный,Статья базы знаний,Проверка исполнительной документации,4,3,3 — расширение,/baza-znanii/peredacha-ispolnitelnoi-dokumentacii-chto-delat-podryadchiku/,Запланировано,https://wordstat.yandex.ru/,Плановый long-tail; частотность не присваивалась
503,передача исполнительной документации — образец документа,,Нет,Передача исполнительной документации,Требует проверки,Исполнительная документация,Передача исполнительной документации,Шаблон / лид-магнит,Лид-магнит / шаблон,Проверка исполнительной документации,3,3,3 — расширение,/materialy/peredacha-ispolnitelnoi-dokumentacii-obrazec-dokumenta/,Запланировано,https://wordstat.yandex.ru/,Плановый long-tail; частотность не присваивалась
504,передача исполнительной документации — сроки и последствия,,Нет,Передача исполнительной документации,Требует проверки,Исполнительная документация,Передача исполнительной документации,Проблемный информационный,Статья базы знаний,Проверка исполнительной документации,4,3,3 — расширение,/baza-znanii/peredacha-ispolnitelnoi-dokumentacii-sroki-i-posledstviya/,Запланировано,https://wordstat.yandex.ru/,Плановый long-tail; частотность не присваивалась
505,передача исполнительной документации — для субподрядчика,,Нет,Передача исполнительной документации,Требует проверки,Исполнительная документация,Передача исполнительной документации,Информационный,Статья базы знаний,Проверка исполнительной документации,2,3,3 — расширение,/baza-znanii/peredacha-ispolnitelnoi-dokumentacii-dlya-subpodryadchika/,Запланировано,https://wordstat.yandex.ru/,Плановый long-tail; частотность не присваивалась
506,передача исполнительной документации — для генподрядчика,,Нет,Передача исполнительной документации,Требует проверки,Исполнительная документация,Передача исполнительной документации,Информационный,Статья базы знаний,Проверка исполнительной документации,2,3,3 — расширение,/baza-znanii/peredacha-ispolnitelnoi-dokumentacii-dlya-genpodryadchika/,Запланировано,https://wordstat.yandex.ru/,Плановый long-tail; частотность не присваивалась
507,передача исполнительной документации — пошаговый алгоритм,,Нет,Передача исполнительной документации,Требует проверки,Исполнительная документация,Передача исполнительной документации,Информационный,Статья базы знаний,Проверка исполнительной документации,2,3,3 — расширение,/baza-znanii/peredacha-ispolnitelnoi-dokumentacii-poshagovyi-algoritm/,Запланировано,https://wordstat.yandex.ru/,Плановый long-tail; частотность не присваивалась
508,передача исполнительной документации — судебная практика,,Нет,Передача исполнительной документации,Требует проверки,Исполнительная документация,Передача исполнительной документации,Информационный,Статья базы знаний,Проверка исполнительной документации,2,3,3 — расширение,/baza-znanii/peredacha-ispolnitelnoi-dokumentacii-sudebnaya-praktika/,Запланировано,https://wordstat.yandex.ru/,Плановый long-tail; частотность не присваивалась
509,проверка строительной сметы — порядок оформления,,Нет,Проверка строительной сметы,Требует проверки,Сметы,Проверка строительной сметы,Коммерческое исследование,Коммерческая страница,Проверка сметы,5,3,3 — расширение,/proverki/proverka-stroitelnoi-smety-poryadok-oformleniya/,Запланировано,https://wordstat.yandex.ru/,Плановый long-tail; частотность не присваивалась
510,проверка строительной сметы — проверка перед подписанием,,Нет,Проверка строительной сметы,Требует проверки,Сметы,Проверка строительной сметы,Коммерческое исследование,Коммерческая страница,Проверка сметы,5,3,3 — расширение,/proverki/proverka-stroitelnoi-smety-proverka-pered-podpisaniem/,Запланировано,https://wordstat.yandex.ru/,Плановый long-tail; частотность не присваивалась
511,проверка строительной сметы — типовые ошибки,,Нет,Проверка строительной сметы,Требует проверки,Сметы,Проверка строительной сметы,Коммерческое исследование,Коммерческая страница,Проверка сметы,5,3,3 — расширение,/proverki/proverka-stroitelnoi-smety-tipovye-oshibki/,Запланировано,https://wordstat.yandex.ru/,Плановый long-tail; частотность не присваивалась
512,проверка строительной сметы — что делать подрядчику,,Нет,Проверка строительной сметы,Требует проверки,Сметы,Проверка строительной сметы,Коммерческое исследование,Коммерческая страница,Проверка сметы,5,3,3 — расширение,/proverki/proverka-stroitelnoi-smety-chto-delat-podryadchiku/,Запланировано,https://wordstat.yandex.ru/,Плановый long-tail; частотность не присваивалась
513,проверка строительной сметы — образец документа,,Нет,Проверка строительной сметы,Требует проверки,Сметы,Проверка строительной сметы,Коммерческое исследование,Коммерческая страница,Проверка сметы,5,3,3 — расширение,/proverki/proverka-stroitelnoi-smety-obrazec-dokumenta/,Запланировано,https://wordstat.yandex.ru/,Плановый long-tail; частотность не присваивалась
514,проверка строительной сметы — сроки и последствия,,Нет,Проверка строительной сметы,Требует проверки,Сметы,Проверка строительной сметы,Коммерческое исследование,Коммерческая страница,Проверка сметы,5,3,3 — расширение,/proverki/proverka-stroitelnoi-smety-sroki-i-posledstviya/,Запланировано,https://wordstat.yandex.ru/,Плановый long-tail; частотность не присваивалась
515,проверка строительной сметы — для субподрядчика,,Нет,Проверка строительной сметы,Требует проверки,Сметы,Проверка строительной сметы,Коммерческое исследование,Коммерческая страница,Проверка сметы,5,3,3 — расширение,/proverki/proverka-stroitelnoi-smety-dlya-subpodryadchika/,Запланировано,https://wordstat.yandex.ru/,Плановый long-tail; частотность не присваивалась
516,проверка строительной сметы — для генподрядчика,,Нет,Проверка строительной сметы,Требует проверки,Сметы,Проверка строительной сметы,Коммерческое исследование,Коммерческая страница,Проверка сметы,5,3,3 — расширение,/proverki/proverka-stroitelnoi-smety-dlya-genpodryadchika/,Запланировано,https://wordstat.yandex.ru/,Плановый long-tail; частотность не присваивалась
517,проверка строительной сметы — пошаговый алгоритм,,Нет,Проверка строительной сметы,Требует проверки,Сметы,Проверка строительной сметы,Коммерческое исследование,Коммерческая страница,Проверка сметы,5,3,3 — расширение,/proverki/proverka-stroitelnoi-smety-poshagovyi-algoritm/,Запланировано,https://wordstat.yandex.ru/,Плановый long-tail; частотность не присваивалась
518,проверка строительной сметы — судебная практика,,Нет,Проверка строительной сметы,Требует проверки,Сметы,Проверка строительной сметы,Коммерческое исследование,Коммерческая страница,Проверка сметы,5,3,3 — расширение,/proverki/proverka-stroitelnoi-smety-sudebnaya-praktika/,Запланировано,https://wordstat.yandex.ru/,Плановый long-tail; частотность не присваивалась
519,ошибки в смете — порядок оформления,,Нет,Ошибки в смете,Требует проверки,Сметы,Ошибки в смете,Проблемный информационный,Статья базы знаний,Проверка сметы,4,3,3 — расширение,/baza-znanii/oshibki-v-smete-poryadok-oformleniya/,Запланировано,https://wordstat.yandex.ru/,Плановый long-tail; частотность не присваивалась
520,ошибки в смете — проверка перед подписанием,,Нет,Ошибки в смете,Требует проверки,Сметы,Ошибки в смете,Коммерческое исследование,Коммерческая страница,Проверка сметы,5,3,3 — расширение,/proverki/oshibki-v-smete-proverka-pered-podpisaniem/,Запланировано,https://wordstat.yandex.ru/,Плановый long-tail; частотность не присваивалась
521,ошибки в смете — типовые ошибки,,Нет,Ошибки в смете,Требует проверки,Сметы,Ошибки в смете,Проблемный информационный,Статья базы знаний,Проверка сметы,4,3,3 — расширение,/baza-znanii/oshibki-v-smete-tipovye-oshibki/,Запланировано,https://wordstat.yandex.ru/,Плановый long-tail; частотность не присваивалась
522,ошибки в смете — что делать подрядчику,,Нет,Ошибки в смете,Требует проверки,Сметы,Ошибки в смете,Проблемный информационный,Статья базы знаний,Проверка сметы,4,3,3 — расширение,/baza-znanii/oshibki-v-smete-chto-delat-podryadchiku/,Запланировано,https://wordstat.yandex.ru/,Плановый long-tail; частотность не присваивалась
523,ошибки в смете — образец документа,,Нет,Ошибки в смете,Требует проверки,Сметы,Ошибки в смете,Шаблон / лид-магнит,Лид-магнит / шаблон,Проверка сметы,3,3,3 — расширение,/materialy/oshibki-v-smete-obrazec-dokumenta/,Запланировано,https://wordstat.yandex.ru/,Плановый long-tail; частотность не присваивалась
524,ошибки в смете — сроки и последствия,,Нет,Ошибки в смете,Требует проверки,Сметы,Ошибки в смете,Проблемный информационный,Статья базы знаний,Проверка сметы,4,3,3 — расширение,/baza-znanii/oshibki-v-smete-sroki-i-posledstviya/,Запланировано,https://wordstat.yandex.ru/,Плановый long-tail; частотность не присваивалась
525,ошибки в смете — для субподрядчика,,Нет,Ошибки в смете,Требует проверки,Сметы,Ошибки в смете,Проблемный информационный,Статья базы знаний,Проверка сметы,4,3,3 — расширение,/baza-znanii/oshibki-v-smete-dlya-subpodryadchika/,Запланировано,https://wordstat.yandex.ru/,Плановый long-tail; частотность не присваивалась
526,ошибки в смете — для генподрядчика,,Нет,Ошибки в смете,Требует проверки,Сметы,Ошибки в смете,Проблемный информационный,Статья базы знаний,Проверка сметы,4,3,3 — расширение,/baza-znanii/oshibki-v-smete-dlya-genpodryadchika/,Запланировано,https://wordstat.yandex.ru/,Плановый long-tail; частотность не присваивалась
527,ошибки в смете — пошаговый алгоритм,,Нет,Ошибки в смете,Требует проверки,Сметы,Ошибки в смете,Проблемный информационный,Статья базы знаний,Проверка сметы,4,3,3 — расширение,/baza-znanii/oshibki-v-smete-poshagovyi-algoritm/,Запланировано,https://wordstat.yandex.ru/,Плановый long-tail; частотность не присваивалась
528,ошибки в смете — судебная практика,,Нет,Ошибки в смете,Требует проверки,Сметы,Ошибки в смете,Проблемный информационный,Статья базы знаний,Проверка сметы,4,3,3 — расширение,/baza-znanii/oshibki-v-smete-sudebnaya-praktika/,Запланировано,https://wordstat.yandex.ru/,Плановый long-tail; частотность не присваивалась
529,объёмы работ в смете — порядок оформления,,Нет,Объёмы работ в смете,Требует проверки,Сметы,Объёмы работ в смете,Проблемный информационный,Статья базы знаний,Проверка сметы,4,3,3 — расширение,/baza-znanii/obemy-rabot-v-smete-poryadok-oformleniya/,Запланировано,https://wordstat.yandex.ru/,Плановый long-tail; частотность не присваивалась
530,объёмы работ в смете — проверка перед подписанием,,Нет,Объёмы работ в смете,Требует проверки,Сметы,Объёмы работ в смете,Коммерческое исследование,Коммерческая страница,Проверка сметы,5,3,3 — расширение,/proverki/obemy-rabot-v-smete-proverka-pered-podpisaniem/,Запланировано,https://wordstat.yandex.ru/,Плановый long-tail; частотность не присваивалась
531,объёмы работ в смете — типовые ошибки,,Нет,Объёмы работ в смете,Требует проверки,Сметы,Объёмы работ в смете,Проблемный информационный,Статья базы знаний,Проверка сметы,4,3,3 — расширение,/baza-znanii/obemy-rabot-v-smete-tipovye-oshibki/,Запланировано,https://wordstat.yandex.ru/,Плановый long-tail; частотность не присваивалась
532,объёмы работ в смете — что делать подрядчику,,Нет,Объёмы работ в смете,Требует проверки,Сметы,Объёмы работ в смете,Проблемный информационный,Статья базы знаний,Проверка сметы,4,3,3 — расширение,/baza-znanii/obemy-rabot-v-smete-chto-delat-podryadchiku/,Запланировано,https://wordstat.yandex.ru/,Плановый long-tail; частотность не присваивалась
533,объёмы работ в смете — образец документа,,Нет,Объёмы работ в смете,Требует проверки,Сметы,Объёмы работ в смете,Шаблон / лид-магнит,Лид-магнит / шаблон,Проверка сметы,3,3,3 — расширение,/materialy/obemy-rabot-v-smete-obrazec-dokumenta/,Запланировано,https://wordstat.yandex.ru/,Плановый long-tail; частотность не присваивалась
534,объёмы работ в смете — сроки и последствия,,Нет,Объёмы работ в смете,Требует проверки,Сметы,Объёмы работ в смете,Проблемный информационный,Статья базы знаний,Проверка сметы,4,3,3 — расширение,/baza-znanii/obemy-rabot-v-smete-sroki-i-posledstviya/,Запланировано,https://wordstat.yandex.ru/,Плановый long-tail; частотность не присваивалась
535,объёмы работ в смете — для субподрядчика,,Нет,Объёмы работ в смете,Требует проверки,Сметы,Объёмы работ в смете,Информационный,Статья базы знаний,Проверка сметы,2,3,3 — расширение,/baza-znanii/obemy-rabot-v-smete-dlya-subpodryadchika/,Запланировано,https://wordstat.yandex.ru/,Плановый long-tail; частотность не присваивалась
536,объёмы работ в смете — для генподрядчика,,Нет,Объёмы работ в смете,Требует проверки,Сметы,Объёмы работ в смете,Информационный,Статья базы знаний,Проверка сметы,2,3,3 — расширение,/baza-znanii/obemy-rabot-v-smete-dlya-genpodryadchika/,Запланировано,https://wordstat.yandex.ru/,Плановый long-tail; частотность не присваивалась
537,объёмы работ в смете — пошаговый алгоритм,,Нет,Объёмы работ в смете,Требует проверки,Сметы,Объёмы работ в смете,Информационный,Статья базы знаний,Проверка сметы,2,3,3 — расширение,/baza-znanii/obemy-rabot-v-smete-poshagovyi-algoritm/,Запланировано,https://wordstat.yandex.ru/,Плановый long-tail; частотность не присваивалась
538,объёмы работ в смете — судебная практика,,Нет,Объёмы работ в смете,Требует проверки,Сметы,Объёмы работ в смете,Информационный,Статья базы знаний,Проверка сметы,2,3,3 — расширение,/baza-znanii/obemy-rabot-v-smete-sudebnaya-praktika/,Запланировано,https://wordstat.yandex.ru/,Плановый long-tail; частотность не присваивалась
539,проектное финансирование строительства — порядок оформления,,Нет,Проектное финансирование строительства,Требует проверки,Проектное финансирование,Проектное финансирование строительства,Проблемный информационный,Статья базы знаний,Комплексная проверка проекта,4,3,3 — расширение,/baza-znanii/proektnoe-finansirovanie-stroitelstva-poryadok-oformleniya/,Запланировано,https://wordstat.yandex.ru/,Плановый long-tail; частотность не присваивалась
540,проектное финансирование строительства — проверка перед подписанием,,Нет,Проектное финансирование строительства,Требует проверки,Проектное финансирование,Проектное финансирование строительства,Коммерческое исследование,Коммерческая страница,Комплексная проверка проекта,5,3,3 — расширение,/proverki/proektnoe-finansirovanie-stroitelstva-proverka-pered-podpisaniem/,Запланировано,https://wordstat.yandex.ru/,Плановый long-tail; частотность не присваивалась
541,проектное финансирование строительства — типовые ошибки,,Нет,Проектное финансирование строительства,Требует проверки,Проектное финансирование,Проектное финансирование строительства,Проблемный информационный,Статья базы знаний,Комплексная проверка проекта,4,3,3 — расширение,/baza-znanii/proektnoe-finansirovanie-stroitelstva-tipovye-oshibki/,Запланировано,https://wordstat.yandex.ru/,Плановый long-tail; частотность не присваивалась
542,проектное финансирование строительства — что делать подрядчику,,Нет,Проектное финансирование строительства,Требует проверки,Проектное финансирование,Проектное финансирование строительства,Проблемный информационный,Статья базы знаний,Комплексная проверка проекта,4,3,3 — расширение,/baza-znanii/proektnoe-finansirovanie-stroitelstva-chto-delat-podryadchiku/,Запланировано,https://wordstat.yandex.ru/,Плановый long-tail; частотность не присваивалась
543,проектное финансирование строительства — образец документа,,Нет,Проектное финансирование строительства,Требует проверки,Проектное финансирование,Проектное финансирование строительства,Шаблон / лид-магнит,Лид-магнит / шаблон,Комплексная проверка проекта,3,3,3 — расширение,/materialy/proektnoe-finansirovanie-stroitelstva-obrazec-dokumenta/,Запланировано,https://wordstat.yandex.ru/,Плановый long-tail; частотность не присваивалась
544,проектное финансирование строительства — сроки и последствия,,Нет,Проектное финансирование строительства,Требует проверки,Проектное финансирование,Проектное финансирование строительства,Проблемный информационный,Статья базы знаний,Комплексная проверка проекта,4,3,3 — расширение,/baza-znanii/proektnoe-finansirovanie-stroitelstva-sroki-i-posledstviya/,Запланировано,https://wordstat.yandex.ru/,Плановый long-tail; частотность не присваивалась
545,проектное финансирование строительства — для субподрядчика,,Нет,Проектное финансирование строительства,Требует проверки,Проектное финансирование,Проектное финансирование строительства,Информационный,Статья базы знаний,Комплексная проверка проекта,2,3,3 — расширение,/baza-znanii/proektnoe-finansirovanie-stroitelstva-dlya-subpodryadchika/,Запланировано,https://wordstat.yandex.ru/,Плановый long-tail; частотность не присваивалась
546,проектное финансирование строительства — для генподрядчика,,Нет,Проектное финансирование строительства,Требует проверки,Проектное финансирование,Проектное финансирование строительства,Информационный,Статья базы знаний,Комплексная проверка проекта,2,3,3 — расширение,/baza-znanii/proektnoe-finansirovanie-stroitelstva-dlya-genpodryadchika/,Запланировано,https://wordstat.yandex.ru/,Плановый long-tail; частотность не присваивалась
547,проектное финансирование строительства — пошаговый алгоритм,,Нет,Проектное финансирование строительства,Требует проверки,Проектное финансирование,Проектное финансирование строительства,Информационный,Статья базы знаний,Комплексная проверка проекта,2,3,3 — расширение,/baza-znanii/proektnoe-finansirovanie-stroitelstva-poshagovyi-algoritm/,Запланировано,https://wordstat.yandex.ru/,Плановый long-tail; частотность не присваивалась
548,проектное финансирование строительства — судебная практика,,Нет,Проектное финансирование строительства,Требует проверки,Проектное финансирование,Проектное финансирование строительства,Информационный,Статья базы знаний,Комплексная проверка проекта,2,3,3 — расширение,/baza-znanii/proektnoe-finansirovanie-stroitelstva-sudebnaya-praktika/,Запланировано,https://wordstat.yandex.ru/,Плановый long-tail; частотность не присваивалась
549,банковское сопровождение — порядок оформления,,Нет,Банковское сопровождение,Требует проверки,Проектное финансирование,Банковское сопровождение,Проблемный информационный,Статья базы знаний,Комплексная проверка проекта,4,3,3 — расширение,/baza-znanii/bankovskoe-soprovozhdenie-poryadok-oformleniya/,Запланировано,https://wordstat.yandex.ru/,Плановый long-tail; частотность не присваивалась
550,банковское сопровождение — проверка перед подписанием,,Нет,Банковское сопровождение,Требует проверки,Проектное финансирование,Банковское сопровождение,Коммерческое исследование,Коммерческая страница,Комплексная проверка проекта,5,3,3 — расширение,/proverki/bankovskoe-soprovozhdenie-proverka-pered-podpisaniem/,Запланировано,https://wordstat.yandex.ru/,Плановый long-tail; частотность не присваивалась
551,банковское сопровождение — типовые ошибки,,Нет,Банковское сопровождение,Требует проверки,Проектное финансирование,Банковское сопровождение,Проблемный информационный,Статья базы знаний,Комплексная проверка проекта,4,3,3 — расширение,/baza-znanii/bankovskoe-soprovozhdenie-tipovye-oshibki/,Запланировано,https://wordstat.yandex.ru/,Плановый long-tail; частотность не присваивалась
552,банковское сопровождение — что делать подрядчику,,Нет,Банковское сопровождение,Требует проверки,Проектное финансирование,Банковское сопровождение,Проблемный информационный,Статья базы знаний,Комплексная проверка проекта,4,3,3 — расширение,/baza-znanii/bankovskoe-soprovozhdenie-chto-delat-podryadchiku/,Запланировано,https://wordstat.yandex.ru/,Плановый long-tail; частотность не присваивалась
553,банковское сопровождение — образец документа,,Нет,Банковское сопровождение,Требует проверки,Проектное финансирование,Банковское сопровождение,Шаблон / лид-магнит,Лид-магнит / шаблон,Комплексная проверка проекта,3,3,3 — расширение,/materialy/bankovskoe-soprovozhdenie-obrazec-dokumenta/,Запланировано,https://wordstat.yandex.ru/,Плановый long-tail; частотность не присваивалась
554,банковское сопровождение — сроки и последствия,,Нет,Банковское сопровождение,Требует проверки,Проектное финансирование,Банковское сопровождение,Проблемный информационный,Статья базы знаний,Комплексная проверка проекта,4,3,3 — расширение,/baza-znanii/bankovskoe-soprovozhdenie-sroki-i-posledstviya/,Запланировано,https://wordstat.yandex.ru/,Плановый long-tail; частотность не присваивалась
555,банковское сопровождение — для субподрядчика,,Нет,Банковское сопровождение,Требует проверки,Проектное финансирование,Банковское сопровождение,Информационный,Статья базы знаний,Комплексная проверка проекта,2,3,3 — расширение,/baza-znanii/bankovskoe-soprovozhdenie-dlya-subpodryadchika/,Запланировано,https://wordstat.yandex.ru/,Плановый long-tail; частотность не присваивалась
556,банковское сопровождение — для генподрядчика,,Нет,Банковское сопровождение,Требует проверки,Проектное финансирование,Банковское сопровождение,Информационный,Статья базы знаний,Комплексная проверка проекта,2,3,3 — расширение,/baza-znanii/bankovskoe-soprovozhdenie-dlya-genpodryadchika/,Запланировано,https://wordstat.yandex.ru/,Плановый long-tail; частотность не присваивалась
557,банковское сопровождение — пошаговый алгоритм,,Нет,Банковское сопровождение,Требует проверки,Проектное финансирование,Банковское сопровождение,Информационный,Статья базы знаний,Комплексная проверка проекта,2,3,3 — расширение,/baza-znanii/bankovskoe-soprovozhdenie-poshagovyi-algoritm/,Запланировано,https://wordstat.yandex.ru/,Плановый long-tail; частотность не присваивалась
558,банковское сопровождение — судебная практика,,Нет,Банковское сопровождение,Требует проверки,Проектное финансирование,Банковское сопровождение,Информационный,Статья базы знаний,Комплексная проверка проекта,2,3,3 — расширение,/baza-znanii/bankovskoe-soprovozhdenie-sudebnaya-praktika/,Запланировано,https://wordstat.yandex.ru/,Плановый long-tail; частотность не присваивалась
559,график финансирования — порядок оформления,,Нет,График финансирования,Требует проверки,Проектное финансирование,График финансирования,Проблемный информационный,Статья базы знаний,Комплексная проверка проекта,4,3,3 — расширение,/baza-znanii/grafik-finansirovaniya-poryadok-oformleniya/,Запланировано,https://wordstat.yandex.ru/,Плановый long-tail; частотность не присваивалась
560,график финансирования — проверка перед подписанием,,Нет,График финансирования,Требует проверки,Проектное финансирование,График финансирования,Коммерческое исследование,Коммерческая страница,Комплексная проверка проекта,5,3,3 — расширение,/proverki/grafik-finansirovaniya-proverka-pered-podpisaniem/,Запланировано,https://wordstat.yandex.ru/,Плановый long-tail; частотность не присваивалась
561,график финансирования — типовые ошибки,,Нет,График финансирования,Требует проверки,Проектное финансирование,График финансирования,Проблемный информационный,Статья базы знаний,Комплексная проверка проекта,4,3,3 — расширение,/baza-znanii/grafik-finansirovaniya-tipovye-oshibki/,Запланировано,https://wordstat.yandex.ru/,Плановый long-tail; частотность не присваивалась
562,график финансирования — что делать подрядчику,,Нет,График финансирования,Требует проверки,Проектное финансирование,График финансирования,Проблемный информационный,Статья базы знаний,Комплексная проверка проекта,4,3,3 — расширение,/baza-znanii/grafik-finansirovaniya-chto-delat-podryadchiku/,Запланировано,https://wordstat.yandex.ru/,Плановый long-tail; частотность не присваивалась
563,график финансирования — образец документа,,Нет,График финансирования,Требует проверки,Проектное финансирование,График финансирования,Шаблон / лид-магнит,Лид-магнит / шаблон,Комплексная проверка проекта,3,3,3 — расширение,/materialy/grafik-finansirovaniya-obrazec-dokumenta/,Запланировано,https://wordstat.yandex.ru/,Плановый long-tail; частотность не присваивалась
564,график финансирования — сроки и последствия,,Нет,График финансирования,Требует проверки,Проектное финансирование,График финансирования,Проблемный информационный,Статья базы знаний,Комплексная проверка проекта,4,3,3 — расширение,/baza-znanii/grafik-finansirovaniya-sroki-i-posledstviya/,Запланировано,https://wordstat.yandex.ru/,Плановый long-tail; частотность не присваивалась
565,график финансирования — для субподрядчика,,Нет,График финансирования,Требует проверки,Проектное финансирование,График финансирования,Информационный,Статья базы знаний,Комплексная проверка проекта,2,3,3 — расширение,/baza-znanii/grafik-finansirovaniya-dlya-subpodryadchika/,Запланировано,https://wordstat.yandex.ru/,Плановый long-tail; частотность не присваивалась
566,график финансирования — для генподрядчика,,Нет,График финансирования,Требует проверки,Проектное финансирование,График финансирования,Информационный,Статья базы знаний,Комплексная проверка проекта,2,3,3 — расширение,/baza-znanii/grafik-finansirovaniya-dlya-genpodryadchika/,Запланировано,https://wordstat.yandex.ru/,Плановый long-tail; частотность не присваивалась
567,график финансирования — пошаговый алгоритм,,Нет,График финансирования,Требует проверки,Проектное финансирование,График финансирования,Информационный,Статья базы знаний,Комплексная проверка проекта,2,3,3 — расширение,/baza-znanii/grafik-finansirovaniya-poshagovyi-algoritm/,Запланировано,https://wordstat.yandex.ru/,Плановый long-tail; частотность не присваивалась
568,график финансирования — судебная практика,,Нет,График финансирования,Требует проверки,Проектное финансирование,График финансирования,Информационный,Статья базы знаний,Комплексная проверка проекта,2,3,3 — расширение,/baza-znanii/grafik-finansirovaniya-sudebnaya-praktika/,Запланировано,https://wordstat.yandex.ru/,Плановый long-tail; частотность не присваивалась
569,гарантийные удержания в 1с у подрядчика,141,Да,гарантийное удержание,19.06.2026 – 18.07.2026,Удержания,Гарантийное удержание,Информационный,Статья базы знаний,Диагностика объекта,1,2,3 — расширение,/baza-znanii/garantiinye-uderzhaniya-v-1s-u-podryadchika/,Запланировано,https://wordstat.yandex.ru/,"Wordstat, Россия, все устройства"
570,проводка в 1с гарантийное удержание,140,Да,гарантийное удержание,19.06.2026 – 18.07.2026,Удержания,Гарантийное удержание,Информационный,Статья базы знаний,Диагностика объекта,1,2,3 — расширение,/baza-znanii/provodka-v-1s-garantiinoe-uderzhanie/,Запланировано,https://wordstat.yandex.ru/,"Wordstat, Россия, все устройства"
571,как в 1с отразить гарантийное удержание,121,Да,гарантийное удержание,19.06.2026 – 18.07.2026,Удержания,Гарантийное удержание,Проблемный информационный,Статья базы знаний,Диагностика объекта,1,2,3 — расширение,/baza-znanii/kak-v-1s-otrazit-garantiinoe-uderzhanie/,Запланировано,https://wordstat.yandex.ru/,"Wordstat, Россия, все устройства"
572,гарантийные удержания у подрядчика проводки,104,Да,гарантийное удержание,19.06.2026 – 18.07.2026,Удержания,Гарантийное удержание,Информационный,Статья базы знаний,Диагностика объекта,1,2,3 — расширение,/baza-znanii/garantiinye-uderzhaniya-u-podryadchika-provodki/,Запланировано,https://wordstat.yandex.ru/,"Wordstat, Россия, все устройства"
573,гарантийное удержание в 1с бухгалтерия,102,Да,гарантийное удержание,19.06.2026 – 18.07.2026,Удержания,Гарантийное удержание,Информационный,Статья базы знаний,Диагностика объекта,1,2,3 — расширение,/baza-znanii/garantiinoe-uderzhanie-v-1s-buhgalteriya/,Запланировано,https://wordstat.yandex.ru/,"Wordstat, Россия, все устройства"
574,бухучет гарантийного удержания,98,Да,гарантийное удержание,19.06.2026 – 18.07.2026,Удержания,Гарантийное удержание,Информационный,Статья базы знаний,Диагностика объекта,1,2,3 — расширение,/baza-znanii/buhuchet-garantiinogo-uderzhaniya/,Запланировано,https://wordstat.yandex.ru/,"Wordstat, Россия, все устройства"
575,гарантийное удержание в 1с бухгалтерия 8.3,91,Да,гарантийное удержание,19.06.2026 – 18.07.2026,Удержания,Гарантийное удержание,Информационный,Статья базы знаний,Диагностика объекта,1,2,3 — расширение,/baza-znanii/garantiinoe-uderzhanie-v-1s-buhgalteriya-8-3/,Запланировано,https://wordstat.yandex.ru/,"Wordstat, Россия, все устройства"
576,как в 1с провести гарантийное удержание,81,Да,гарантийное удержание,19.06.2026 – 18.07.2026,Удержания,Гарантийное удержание,Проблемный информационный,Статья базы знаний,Диагностика объекта,1,2,3 — расширение,/baza-znanii/kak-v-1s-provesti-garantiinoe-uderzhanie/,Запланировано,https://wordstat.yandex.ru/,"Wordstat, Россия, все устройства"
577,гарантийное удержание у заказчика проводки,70,Да,гарантийное удержание,19.06.2026 – 18.07.2026,Удержания,Гарантийное удержание,Информационный,Статья базы знаний,Диагностика объекта,1,2,3 — расширение,/baza-znanii/garantiinoe-uderzhanie-u-zakazchika-provodki/,Запланировано,https://wordstat.yandex.ru/,"Wordstat, Россия, все устройства"
578,гарантийные удержания проводки в бухучете,63,Да,гарантийное удержание,19.06.2026 – 18.07.2026,Удержания,Гарантийное удержание,Информационный,Статья базы знаний,Диагностика объекта,1,2,3 — расширение,/baza-znanii/garantiinye-uderzhaniya-provodki-v-buhuchete/,Запланировано,https://wordstat.yandex.ru/,"Wordstat, Россия, все устройства"
579,расчет дополнительных работ в строительстве,50,Да,дополнительные работы в строительстве,19.06.2026 – 18.07.2026,Допработы,Согласование изменений,Информационный,Статья базы знаний,Пакет «Допработы без потерь»,2,2,3 — расширение,/baza-znanii/raschet-dopolnitelnyh-rabot-v-stroitelstve/,Запланировано,https://wordstat.yandex.ru/,"Wordstat, Россия, все устройства"
580,дополнительные работы в строительстве определение,47,Да,дополнительные работы в строительстве,19.06.2026 – 18.07.2026,Допработы,Согласование изменений,Информационный,Статья базы знаний,Пакет «Допработы без потерь»,2,2,3 — расширение,/baza-znanii/dopolnitelnye-raboty-v-stroitelstve-opredelenie/,Запланировано,https://wordstat.yandex.ru/,"Wordstat, Россия, все устройства"
581,дополнительные работы в строительстве рб,44,Да,дополнительные работы в строительстве,19.06.2026 – 18.07.2026,Допработы,Согласование изменений,Информационный,Статья базы знаний,Пакет «Допработы без потерь»,2,2,3 — расширение,/baza-znanii/dopolnitelnye-raboty-v-stroitelstve-rb/,Запланировано,https://wordstat.yandex.ru/,"Wordstat, Россия, все устройства"
582,акт необходимости выполнения дополнительных работ в строительстве,43,Да,дополнительные работы в строительстве,19.06.2026 – 18.07.2026,Допработы,Согласование изменений,Информационный,Статья базы знаний,Пакет «Допработы без потерь»,2,2,3 — расширение,/baza-znanii/akt-neobhodimosti-vypolneniya-dopolnitelnyh-rabot-v-stroitelstve/,Запланировано,https://wordstat.yandex.ru/,"Wordstat, Россия, все устройства"
583,виды дополнительных работ в строительстве,43,Да,дополнительные работы в строительстве,19.06.2026 – 18.07.2026,Допработы,Согласование изменений,Информационный,Статья базы знаний,Пакет «Допработы без потерь»,2,2,3 — расширение,/baza-znanii/vidy-dopolnitelnyh-rabot-v-stroitelstve/,Запланировано,https://wordstat.yandex.ru/,"Wordstat, Россия, все устройства"
584,лимит суммы дополнительных работ в строительстве рб,18,Да,дополнительные работы в строительстве,19.06.2026 – 18.07.2026,Допработы,Согласование изменений,Информационный,Статья базы знаний,Пакет «Допработы без потерь»,2,2,3 — расширение,/baza-znanii/limit-summy-dopolnitelnyh-rabot-v-stroitelstve-rb/,Запланировано,https://wordstat.yandex.ru/,"Wordstat, Россия, все устройства"
585,акт о необходимости дополнительных работ в строительстве,8,Да,дополнительные работы в строительстве,19.06.2026 – 18.07.2026,Допработы,Согласование изменений,Информационный,Статья базы знаний,Пакет «Допработы без потерь»,2,2,3 — расширение,/baza-znanii/akt-o-neobhodimosti-dopolnitelnyh-rabot-v-stroitelstve/,Запланировано,https://wordstat.yandex.ru/,"Wordstat, Россия, все устройства"
